<?xml version="1.0" encoding="UTF-8" standalone="yes" ?>
<DEFINE>
<LEVEL ID="1">
<SECTION ID="SYSTEM SUMMARY"/>
<SECTION ID="SMBIOS INFORMATION"/>
<SECTION ID="Security Software"/>
<SECTION ID="WORKSTATION SECURITY"/>
<SECTION ID="NETWORK"/>
<SECTION ID="ASSETID"/>
<SECTION ID="PRINTERS"/>
<SECTION ID="DEMOGRAPHICS"/>
</LEVEL>
<LEVEL ID="2">
<SECTION ID="SYSTEM SUMMARY"/>
<SECTION ID="TIME ZONE"/>
<SECTION ID="SMBIOS INFORMATION"/>
<SECTION ID="LOGICAL DISK INFORMATION"/>
<SECTION ID="WINDOWS STARTUP INFORMATION"/>
<SECTION ID="MEMORY INFORMATION"/>
<SECTION ID="Security Software"/>
<SECTION ID="WORKSTATION SECURITY"/>
<SECTION ID="Installed Software"/>
<SECTION ID="NETWORK"/>
<SECTION ID="ASSETID"/>
<SECTION ID="LOTUS NOTES"/>
<SECTION ID="PRINTERS"/>
<SECTION ID="DEMOGRAPHICS"/>
</LEVEL>
<LEVEL ID="3">
<SECTION ID="SYSTEM SUMMARY"/>
<SECTION ID="TIME ZONE"/>
<SECTION ID="SCSI Devices"/>
<SECTION ID="SMBIOS INFORMATION"/>
<SECTION ID="LOGICAL DISK INFORMATION"/>
<SECTION ID="DISPLAY INFORMATION"/>
<SECTION ID="WINDOWS STARTUP INFORMATION"/>
<SECTION ID="DEVICE DRIVERS AND SERVICES"/>
<SECTION ID="REGIONAL SETTINGS"/>
<SECTION ID="LIST OF RUNNING PROCESSES"/>
<SECTION ID="MEMORY INFORMATION"/>
<SECTION ID="PCI DEVICES"/>
<SECTION ID="PCI ADAPTER INFORMATION"/>
<SECTION ID="Security Software"/>
<SECTION ID="WORKSTATION SECURITY"/>
<SECTION ID="DEVICE MANAGER SETTINGS"/>
<SECTION ID="Installed Software"/>
<SECTION ID="NETWORK"/>
<SECTION ID="ASSETID"/>
<SECTION ID="LOTUS NOTES"/>
<SECTION ID="PRINTERS"/>
<SECTION ID="DEMOGRAPHICS"/>
</LEVEL>
<LEVEL ID="4">
<SECTION ID="SYSTEM SUMMARY"/>
<SECTION ID="TIME ZONE"/>
<SECTION ID="SCSI Devices"/>
<SECTION ID="SMBIOS INFORMATION"/>
<SECTION ID="LOGICAL DISK INFORMATION"/>
<SECTION ID="DISPLAY INFORMATION"/>
<SECTION ID="WINDOWS STARTUP INFORMATION"/>
<SECTION ID="DEVICE DRIVERS AND SERVICES"/>
<SECTION ID="REGIONAL SETTINGS"/>
<SECTION ID="LIST OF RUNNING PROCESSES"/>
<SECTION ID="MEMORY INFORMATION"/>
<SECTION ID="PCI DEVICES"/>
<SECTION ID="PCI ADAPTER INFORMATION"/>
<SECTION ID="Security Software"/>
<SECTION ID="WORKSTATION SECURITY"/>
<SECTION ID="DEVICE MANAGER SETTINGS"/>
<SECTION ID="Installed Software"/>
<SECTION ID="NETWORK"/>
<SECTION ID="ASSETID"/>
<SECTION ID="LOTUS NOTES"/>
<SECTION ID="PRINTERS"/>
<SECTION ID="DEMOGRAPHICS"/>
</LEVEL>
<LEVEL ID="5">
<SECTION ID="SYSTEM SUMMARY"/>   
<SECTION ID="GATHERER INFORMATION"/>
<SECTION ID="ENVIRONMENT"/> 
<SECTION ID="Firmware Information"/> 
<SECTION ID="NETWORK SETTINGS"/>
<SECTION ID="TIME ZONE"/>
<SECTION ID="SCSI Devices"/>
<SECTION ID="IDE DEVICE INFORMATION"/>
<SECTION ID="SMBIOS INFORMATION"/>
<SECTION ID="LOGICAL DISK INFORMATION"/>
<SECTION ID="DISPLAY INFORMATION"/>
<SECTION ID="WINDOWS STARTUP INFORMATION"/>
<SECTION ID="DEVICE DRIVERS AND SERVICES"/>
<SECTION ID="REGIONAL SETTINGS"/>
<SECTION ID="LIST OF RUNNING PROCESSES"/>
<SECTION ID="MEMORY INFORMATION"/>
<SECTION ID="PCI DEVICES"/>
<SECTION ID="PCI ADAPTER INFORMATION"/>
<SECTION ID="Security Software"/>
<SECTION ID="WORKSTATION SECURITY"/>
<SECTION ID="DEVICE MANAGER SETTINGS"/>
<SECTION ID="Installed Software"/>
<SECTION ID="NETWORK"/>
<SECTION ID="ASSETID"/>
<SECTION ID="LOTUS NOTES"/>
<SECTION ID="PRINTERS"/>
<SECTION ID="SYSTEM EVENTS LOG"/>
<SECTION ID="IBM ThinkVantage Technologies"/>
<SECTION ID="DEMOGRAPHICS"/>
<SECTION ID="CUSTOM"/>
</LEVEL>
</DEFINE>
