﻿<?xml version="1.0" encoding="UTF-8" standalone="yes"?>
<META>
  <SECTION ID="ASSETID">
    <TABLE ID="Serial Information Area">
      <ITEM ID="Name" type="3"  />
      <ITEM ID="Manufacturer" type="3"  />
      <ITEM ID="Model" type="3"  />
      <ITEM ID="Serial Number" type="3"  />
      <ITEM ID="Other Identifying Info" type="3"  />
    </TABLE>
    <TABLE ID="User Information">
      <ITEM ID="Primary Owner Name" type="3"  />
      <ITEM ID="Primary Owner Department" type="3"  />
      <ITEM ID="Primary Owner Position" type="3"  />
      <ITEM ID="Primary Owner Phone" type="3"  />
    </TABLE>
    <TABLE ID="Asset Information">
      <ITEM ID="Purchase Date" type="3"  />
      <ITEM ID="Last Inventoried" type="3"  />
      <ITEM ID="Asset Number" type="3"  />
    </TABLE>
    <TABLE ID="LCCM Image Profile Info">
      <ITEM ID="LCCM Profile" type="3"  />
      <ITEM ID="LCCM Update Time" type="3"  />
    </TABLE>
    <TABLE ID="Personalization">
      <ITEM ID="Label" type="3"  />
      <ITEM ID="Value" type="3"  />
    </TABLE>
    <TABLE ID="Lease Information">
      <ITEM ID="Start Date" type="3"  />
      <ITEM ID="End Date" type="3"  />
      <ITEM ID="Term" type="3"  />
      <ITEM ID="Payment" type="3"  />
      <ITEM ID="Lessor" type="3"  />
    </TABLE>
    <TABLE ID="Warranty Information">
      <ITEM ID="End Date" type="3"  />
      <ITEM ID="Duration" type="3"  />
      <ITEM ID="Cost" type="3"  />
    </TABLE>
  </SECTION> 
  <SECTION ID="GATHERER INFORMATION" CLTNAME="gatherer" CLTTYPE="0">
    <TABLE ID="GATHERER INFORMATION">
      <ITEM ID="Name" type="3" />
      <ITEM ID="Value" type="3" />
    </TABLE> 
    <TABLE ID="Parameters">
      <ITEM ID="Parameter" type="1" />
      <ITEM ID="Value" type="3" />
    </TABLE>
  </SECTION>
  <SECTION ID="DEVICE DRIVERS AND SERVICES" CLTNAME="services" CLTTYPE="0">
    <TABLE ID="Device Drivers">
      <ITEM ID="Service" type="3"  />
      <ITEM ID="Name" type="3"  />
      <ITEM ID="Status" type="3" />
      <ITEM ID="Startup" type="3" />
      <ITEM ID="Path" type="3" />
      <ITEM ID="Vendor" type="3" />
      <ITEM ID="Version" type="3" />
      <ITEM ID="Timestamp" type="3" />
      <ITEM ID="File Size" type="1" />
    </TABLE>
    <TABLE ID="Services">
      <ITEM ID="Service" type="3" />
      <ITEM ID="Name" type="3" />
      <ITEM ID="Status" type="3" />
      <ITEM ID="Startup" type="3" />
      <ITEM ID="Path" type="3" />
      <ITEM ID="Vendor" type="3" />
      <ITEM ID="Version" type="3" />
      <ITEM ID="Timestamp" type="3" />
      <ITEM ID="File Size" type="1" />
    </TABLE>
  </SECTION>
  <SECTION ID="DEVICE MANAGER SETTINGS" CLTNAME="devices" CLTTYPE="1">
    <TABLE ID="Device Manager Groups">
      <ITEM ID="Group" type="1" W="5" />
      <ITEM ID="Name" type="3" W="40" />
    </TABLE>
    <TABLE ID="Device Manager Devices">
      <ITEM ID="Index" type="1" W="5" />
      <ITEM ID="Group" type="1" W="5" />
      <ITEM ID="Device name" type="3" W="25" />
      <ITEM ID="Service" type="3" W="10" />
      <ITEM ID="Location" type="3" W="32" />
      <ITEM ID="Manufacturer" type="3" W="12" />
      <ITEM ID="Hardware ID" type="3" W="35" />
    </TABLE>
    <TABLE ID="Device Manager Resources">
      <ITEM ID="Device" type="1" />
      <ITEM ID="Type" type="3" />
      <ITEM ID="Address" type="3" />
    </TABLE>
    <TABLE ID="Device Manager Hardware IDs">
      <ITEM ID="Device Index" type="3" />
      <ITEM ID="HardwareID" type="3" />
      <ITEM ID="CompatibleIDs" type="3" />
      <ITEM ID="ProviderName" type="3" />
      <ITEM ID="DriverDate" type="3" />
      <ITEM ID="DriverVersion" type="3" />
    </TABLE>
  </SECTION>
  <SECTION ID="DISPLAY INFORMATION" CLTNAME="display" CLTTYPE="0">
    <TABLE ID="Display Settings">
      <ITEM ID="Horizontal Resolution" type="1" />
      <ITEM ID="Vertical Resolution" type="1" />
      <ITEM ID="Bits Per Pixel" type="1"  />
      <ITEM ID="Frequency" type="1" />
      <ITEM ID="Adapter String" type="3" />
      <ITEM ID="Chip Type" type="3" />
      <ITEM ID="DAC Type" type="3" />
      <ITEM ID="BIOS String" type="3" />
    </TABLE>
    <TABLE ID="Extended Display Identification Data">
      <ITEM ID="Manufacturer ID" type="4" />
      <ITEM ID="Product ID" type="4"  />
      <ITEM ID="Monitor Name" type="4" />
      <ITEM ID="Serial Number" type="4" />
      <ITEM ID="Manufacture Date" type="4" />
      <ITEM ID="Active" type="4" />
    </TABLE>
  </SECTION>
  <SECTION ID="ENVIRONMENT" CLTNAME="environment" CLTTYPE="0">
    <TABLE ID="System">
      <ITEM ID="Variable Name" type="3"  />
      <ITEM ID="Value" type="3"  />
    </TABLE>
    <TABLE ID="User">
      <ITEM ID="Variable Name" type="3"  />
      <ITEM ID="Value" type="3"  />
    </TABLE>
    <TABLE ID="Current">
      <ITEM ID="Variable Name" type="3"  />
      <ITEM ID="Value" type="3"  />
    </TABLE>
  </SECTION>
  <SECTION ID="Firmware Information" CLTNAME="firmware" CLTTYPE="1">
    <TABLE ID="Firmware Information">
      <ITEM ID="HardwareIDs" type="3"  />
      <ITEM ID="FirmwareVersion" type="3"  />
      <ITEM ID="FirmwareDate" type="3"  />
    </TABLE>
  </SECTION>
  <SECTION ID="IDE DEVICE INFORMATION" CLTNAME="ide" CLTTYPE="1">
    <TABLE ID="IDE SMART Devices">
      <ITEM ID="Drive" type="1" />
      <ITEM ID="Model" type="4" />
      <ITEM ID="Firmware" type="4" />
      <ITEM ID="Serial" type="4" />
      <ITEM ID="HDP" type="4" />
    </TABLE>
    <TABLE ID="SMART ATTRIBUTES">
      <ITEM ID="Drive" type="1"  />
      <ITEM ID="POH Raw Attribute" type="1" />
      <ITEM ID="POH Raw Value 1" type="1" />
      <ITEM ID="POH Raw Value 2" type="1" />
      <ITEM ID="POH Raw Value 3" type="1" />
      <ITEM ID="Power Cycle Count Raw Value 1" type="1" />
      <ITEM ID="Power Cycle Count Raw Value 2" type="1" />
      <ITEM ID="Power Cycle Count Raw Value 3" type="1" />
      <ITEM ID="Temperature Raw Value 1" type="1" />
      <ITEM ID="Temperature Raw Value 2" type="1" />
      <ITEM ID="Temperature Raw Value 3" type="1" />
    </TABLE>
    <TABLE ID="RAW SMART ATTRIBUTES">
      <ITEM ID="Drive" type="1"  />
      <ITEM ID="Attribute" type="3"  />
      <ITEM ID="ID" type="1"  />
      <ITEM ID="Value" type="1"  />
      <ITEM ID="Worst Value" type="1"  />
      <ITEM ID="Raw Value" type="3"  />
      <ITEM ID="Status Flags" type="1"  />
    </TABLE>
  </SECTION>
  <SECTION ID="Installed Software" CLTNAME="software" CLTTYPE="0">
    <TABLE ID="Software shown by Add/Remove Programs">
      <ITEM ID="Vendor" type="3"  />
      <ITEM ID="SW Package" type="3"  />
      <ITEM ID="Version" type="3"  />
      <ITEM ID="Install Date" type="3"  />
      <ITEM ID="Last used date" type="3"  />
      <ITEM ID="Use frequency" type="3"  />
      <ITEM ID="Size" type="3"  />
      <ITEM ID="Product Code" type="3"  />
    </TABLE>
    <TABLE ID="Installed Microsoft Software">
      <ITEM ID="Package Name" type="3"  />
      <ITEM ID="Version" type="3"  />
    </TABLE>
    <TABLE ID="Installed IBM Software">
      <ITEM ID="Package Name" type="3"  />
      <ITEM ID="Version" type="3"  />
    </TABLE>
    <TABLE ID="Microsoft Updates">
      <ITEM ID="Hotfix" type="3"  />
      <ITEM ID="Description" type="3"  />
      <ITEM ID="Installed Date" type="3"  />
    </TABLE>
  </SECTION>
  <SECTION ID="LOGICAL DISK INFORMATION" CLTNAME="diskinfo" CLTTYPE="1">
    <TABLE ID="Logical Disk Drives">
      <ITEM ID="Drive Letter" type="4" />
      <ITEM ID="Type" type="3" />
      <ITEM ID="Capacity" type="3" />
      <ITEM ID="Free Space" type="3" />
      <ITEM ID="Free Quota" type="3" />
      <ITEM ID="Volume Label" type="3" />
      <ITEM ID="File System" type="3" />
    </TABLE>
  </SECTION>
  <SECTION ID="LOTUS NOTES" CLTNAME="lotus" CLTTYPE="0">
    <TABLE ID="Lotus Notes Information">
      <ITEM ID="Notes Path" type="3" W="10" />
      <ITEM ID="Last User" type="3" W="40" />
      <ITEM ID="ID File" type="3" W="10" />
      <ITEM ID="Mail Server" type="3" W="11" />
    </TABLE>
    <TABLE ID="Database Information">
      <ITEM ID="Database file" type="3"  />
      <ITEM ID="Path" type="3" W="4" />
      <ITEM ID="Encrypted" type="3" W="9" />
    </TABLE>
  </SECTION>
  <SECTION ID="LIST OF RUNNING PROCESSES" CLTNAME="processes" CLTTYPE="1">
    <TABLE ID="Running Process List">
      <ITEM ID="Process ID" type="1"  />
      <ITEM ID="Process Name" type="3"  />
      <ITEM ID="Threads" type="1"  />
      <ITEM ID="Priority" type="3"  />
      <ITEM ID="Type" type="3"  />
    </TABLE>
  </SECTION>
  <SECTION ID="MEMORY INFORMATION" CLTNAME="memory" CLTTYPE="1">
    <TABLE ID="Memory Statistics">
      <ITEM ID="Type" type="4"  />
      <ITEM ID="Load" type="4"  />
      <ITEM ID="Total" type="4"  />
      <ITEM ID="Total (bytes)" type="4"  />
      <ITEM ID="Free" type="4"  />
      <ITEM ID="Free (bytes)" type="4"  />
      <ITEM ID="Used" type="4"  />
      <ITEM ID="Used (bytes)" type="4"  />
    </TABLE>
  </SECTION>
  <SECTION ID="NETWORK" CLTNAME="network" CLTTYPE="0">
    <TABLE ID="Network Adapters">
      <ITEM ID="Adapter Index" type="3" />
      <ITEM ID="Product Name" type="3" />
      <ITEM ID="Adapter Type" type="3" />
      <ITEM ID="Description" type="3" />
      <ITEM ID="MAC Address" type="3" />
      <ITEM ID="Manufacturer" type="3" />
      <ITEM ID="Service Name" type="3" />
    </TABLE>
    <TABLE ID="Network Adapter Configuration">
      <ITEM ID="Adapter Index" type="1"  />
      <ITEM ID="Description" type="3" />
      <ITEM ID="DHCP Enabled" type="3"  />
      <ITEM ID="DHCP Lease Expires" type="3"  />
      <ITEM ID="DHCP Lease Obtained" type="3"  />
      <ITEM ID="DHCP Server" type="3"  />
      <ITEM ID="DNS Host Name" type="3"  />
      <ITEM ID="DNS Domain" type="3"  />
      <ITEM ID="IP Enabled" type="3"  />
      <ITEM ID="WINS Primary Server" type="3"  />
      <ITEM ID="WINS Secondary Server" type="3"  />
      <ITEM ID="WINS Enable LMHosts Lookup" type="3"  />
      <ITEM ID="WINS Host Lookup File" type="3"  />
      <ITEM ID="WINS Scope ID" type="3"  />
    </TABLE>
    <TABLE ID="IP Addresses">
      <ITEM ID="Adapter Index" type="1" W="13" />
      <ITEM ID="IP Address" type="3"  />
      <ITEM ID="IP Subnet" type="3"  />
      <ITEM ID="Default IP Gateway" type="3"  />
    </TABLE>
    <TABLE ID="DNS Servers">
      <ITEM ID="Adapter Index" type="1" W="13" />
      <ITEM ID="DNS Server" type="3"  />
    </TABLE>
    <TABLE ID="DNS Domain Search Order">
      <ITEM ID="Adapter Index" type="1"  />
      <ITEM ID="Domain" type="3"  />
    </TABLE>
    <TABLE ID="NETSTAT">
      <ITEM ID="Protocol" type="4"  />
      <ITEM ID="Local Address" type="4"  />
      <ITEM ID="Local Port" type="1"  />
      <ITEM ID="Local Service" type="4"  />
      <ITEM ID="Remote Address" type="4"  />
      <ITEM ID="Remote Port" type="1"  />
      <ITEM ID="Remote Service" type="4"  />
      <ITEM ID="State" type="4"  />
    </TABLE>
  </SECTION>
  <SECTION ID="NETWORK SETTINGS" CLTNAME="netsetting" CLTTYPE="1">
    <TABLE ID="IP Addresses">
      <ITEM ID="IP Address" type="4" />
    </TABLE>
  </SECTION>
  <SECTION ID="PCI ADAPTER INFORMATION" CLTNAME="adapter" CLTTYPE="1">
    <TABLE ID="PCI Adapters">
      <ITEM ID="Slot ID" type="1" />
      <ITEM ID="Slot Name" type="4" />
      <ITEM ID="In Use" type="4" />
      <ITEM ID="Vendor" type="3" />
      <ITEM ID="Adapter" type="3" />
    </TABLE>
  </SECTION>
  <SECTION ID="PCI DEVICES" CLTNAME="pci" CLTTYPE="1">
    <TABLE ID="PCI Device Summary">
      <ITEM ID="Bus" type="1" />
      <ITEM ID="Device" type="1" />
      <ITEM ID="Function" type="1" />
      <ITEM ID="Slot" type="4" />
      <ITEM ID="Vendor ID" type="1" />
      <ITEM ID="Vendor Name" type="3" />
      <ITEM ID="Device ID" type="1" />
      <ITEM ID="Device Name" type="3" />
      <ITEM ID="Class" type="4" />
      <ITEM ID="Sub class" type="4" />
      <ITEM ID="Product name" type="4" />
      <ITEM ID="Part Number" type="4" />
      <ITEM ID="EC Level" type="4" />
      <ITEM ID="Manufacturer ID" type="4" />
      <ITEM ID="Serial Number" type="4" />
    </TABLE>
  </SECTION>
  <SECTION ID="PRINTERS" CLTNAME="printers" CLTTYPE="0">
    <TABLE ID="Installed Printers">
      <ITEM ID="Device ID" type="3"  />
      <ITEM ID="Driver Name" type="3"  />
      <ITEM ID="Default" type="3" W="7" />
      <ITEM ID="Local" type="3" W="5" />
      <ITEM ID="Network" type="3" W="7" />
      <ITEM ID="Port name" type="3"  />
      <ITEM ID="Server name" type="3"  />
      <ITEM ID="Share name" type="3"  />
    </TABLE>
  </SECTION>
  <SECTION ID="REGIONAL SETTINGS" CLTNAME="regional" CLTTYPE="1">
    <TABLE ID="Locale Info">
      <ITEM ID="Setting" type="4"  />
      <ITEM ID="Locale ID" type="1"  />
      <ITEM ID="Locale Name" type="3"  />
      <ITEM ID="Locale Language" type="4"  />
      <ITEM ID="ISO Name" type="4"  />
    </TABLE>
    <TABLE ID="Language Info">
      <ITEM ID="Setting" type="4"  />
      <ITEM ID="Language ID" type="1"  />
      <ITEM ID="Language Name" type="3"  />
      <ITEM ID="Language Abbreviation" type="4"  />
      <ITEM ID="ISO Name" type="4"  />
    </TABLE>
    <TABLE ID="Code Page Info">
      <ITEM ID="Setting" type="4"  />
      <ITEM ID="Code Page ID" type="1"  />
      <ITEM ID="Code Page Name" type="3"  />
    </TABLE>
  </SECTION>
  <SECTION ID="SCSI Devices" CLTNAME="scsi" CLTTYPE="1">
    <TABLE ID="SCSI Devices">
      <ITEM ID="Device" type="4"  />
      <ITEM ID="Vendor" type="4"  />
      <ITEM ID="Model" type="4"  />
      <ITEM ID="Revision" type="4"  />
      <ITEM ID="Type" type="4"  />
      <ITEM ID="Host" type="1"  />
      <ITEM ID="Channel" type="1"  />
      <ITEM ID="Target" type="1"  />
      <ITEM ID="LUN" type="1"  />
      <ITEM ID="Serial Number" type="4"  />
      <ITEM ID="Capacity" type="4"  />
    </TABLE>
    <TABLE ID="Optical Drive Capabilities">
      <ITEM ID="Vendor" type="4"  />
      <ITEM ID="Model" type="4"  />
      <ITEM ID="CD-R" type="4"  />
      <ITEM ID="CD-RW" type="4"  />
      <ITEM ID="DVD-ROM" type="4"  />
      <ITEM ID="DVD-R" type="4"  />
      <ITEM ID="DVD-RAM" type="4"  />
    </TABLE>
  </SECTION>
  <SECTION ID="Security Software" CLTNAME="norton" CLTTYPE="1">
    <TABLE ID="Norton AntiVirus">
      <ITEM ID="Product Version" type="4"  />
      <ITEM ID="Live Update" type="4"  />
      <ITEM ID="File System Realtime Protection" type="4"  />
      <ITEM ID="Virus Definition File" type="4"  />
    </TABLE>
  </SECTION>
  <SECTION ID="SMBIOS INFORMATION" CLTNAME="smbios" CLTTYPE="1">
    <TABLE ID="BIOS Information">
      <ITEM ID="Vendor" type="4" />
      <ITEM ID="Version" type="4" />
      <ITEM ID="Start Addr" type="4" />
      <ITEM ID="Release Date" type="4" />
      <ITEM ID="ROM Size" type="4" />
    </TABLE>
    <TABLE ID="Supported Features">
      <ITEM ID="Feature Name" type="4" />
      <ITEM ID="Supported" type="3" />
    </TABLE>
    <TABLE ID="System Information">
      <ITEM ID="Manufacturer" type="4" />
      <ITEM ID="Product Name" type="4" />
      <ITEM ID="Version" type="4" />
      <ITEM ID="Serial Number" type="4" />
      <ITEM ID="UUID" type="4" />
      <ITEM ID="Wake-up Type" type="3" />
    </TABLE>
    <TABLE ID="Baseboard Information">
      <ITEM ID="Manufacturer" type="4" />
      <ITEM ID="Product Name" type="4"  />
      <ITEM ID="Version" type="4" />
      <ITEM ID="Serial Number" type="4" />
    </TABLE>
    <TABLE ID="System Enclosure Information">
      <ITEM ID="Manufacturer" type="4" />
      <ITEM ID="Type" type="3" />
      <ITEM ID="Version" type="4" />
      <ITEM ID="Serial Number" type="4" />
      <ITEM ID="Asset Tag Number" type="4" />
      <ITEM ID="Bootup State" type="3" />
    </TABLE>
    <TABLE ID="Processor Information">
      <ITEM ID="Socket" type="4" />
      <ITEM ID="Manufacturer" type="4" />
      <ITEM ID="Processor ID" type="4" />
      <ITEM ID="Version" type="4" />
      <ITEM ID="Current Speed" type="1" />
      <ITEM ID="Status" type="3" />
      <ITEM ID="Serial Number" type="3" />
      <ITEM ID="Part Number" type="3" />
    </TABLE>
    <TABLE ID="Memory Controller Information">
      <ITEM ID="Err Detect Method" type="3" />
      <ITEM ID="Err Correct Capability" type="3" />
      <ITEM ID="Supported Interleave" type="3" />
      <ITEM ID="Current Interleave" type="3" />
      <ITEM ID="Max Module Size" type="3"  />
      <ITEM ID="Supported Speeds" type="3"  />
      <ITEM ID="Supported Types" type="3" />
      <ITEM ID="Voltage" type="3" />
      <ITEM ID="Number of Slots" type="1"  />
    </TABLE>
    <TABLE ID="Memory Module Information">
      <ITEM ID="Socket" type="4" />
      <ITEM ID="Bank connections" type="4" />
      <ITEM ID="Speed" type="1" />
      <ITEM ID="Type" type="3" />
      <ITEM ID="Installed Size" type="3" />
      <ITEM ID="Enabled Size" type="3" />
      <ITEM ID="Errs Corrected" type="3" />
      <ITEM ID="Errs Uncorrected" type="3"  />
    </TABLE>
    <TABLE ID="Cache Information">
      <ITEM ID="Socket" type="4" />
      <ITEM ID="Level" type="4"  />
      <ITEM ID="Status" type="3" />
      <ITEM ID="Type" type="3" />
      <ITEM ID="Size" type="3" />
      <ITEM ID="SRAM Type" type="3" />
      <ITEM ID="Speed" type="1" />
      <ITEM ID="ECC Type" type="3" />
      <ITEM ID="System Cache" type="3" />
      <ITEM ID="Associativity" type="3" />
    </TABLE>
    <TABLE ID="Port Connector Information">
      <ITEM ID="Port type" type="3" />
      <ITEM ID="Internal Designator" type="4" />
      <ITEM ID="Internal Connector Type" type="3" />
      <ITEM ID="External Designator" type="4" />
      <ITEM ID="External Connector Type" type="3" />
    </TABLE>
    <TABLE ID="Adapter Slot Information">
      <ITEM ID="Socket Designation" type="4" />
      <ITEM ID="Type" type="3" />
      <ITEM ID="Bus Width" type="3" />
      <ITEM ID="In Use" type="3" />
      <ITEM ID="Length" type="3" />
      <ITEM ID="ID" type="1" />
      <ITEM ID="Characteristics" type="3" />
    </TABLE>
    <TABLE ID="On-board Device Information">
      <ITEM ID="Device Type" type="3" />
      <ITEM ID="Status" type="3" />
      <ITEM ID="Description" type="4" />
    </TABLE>
    <TABLE ID="OEM Strings">
      <ITEM ID="Index" type="1" />
      <ITEM ID="Sub-index" type="1" />
      <ITEM ID="Text" type="4" />
    </TABLE>
    <TABLE ID="System Configuration Options">
      <ITEM ID="Index" type="1"  />
      <ITEM ID="Sub-index" type="1"  />
      <ITEM ID="Text" type="4"  />
    </TABLE>
    <TABLE ID="BIOS Language Information">
      <ITEM ID="Status" type="4" />
      <ITEM ID="Language" type="3" />
    </TABLE>
    <TABLE ID="Group Associations">
      <ITEM ID="Group Number" type="3"  />
      <ITEM ID="Group Name" type="3"  />
      <ITEM ID="Item Type" type="3"  />
      <ITEM ID="Item Handle" type="3"  />
    </TABLE>
    <TABLE ID="Physical Memory Array Information">
      <ITEM ID="Handle" type="4" />
      <ITEM ID="Location" type="3" />
      <ITEM ID="Use" type="3" />
      <ITEM ID="Error Correction" type="3" />
      <ITEM ID="Max Capacity" type="3" />
      <ITEM ID="Error Handle" type="4" />
      <ITEM ID="Memory Devices" type="1" />
    </TABLE>
    <TABLE ID="Memory Device Information">
      <ITEM ID="Handle" type="4" />
      <ITEM ID="Device Locator" type="4" />
      <ITEM ID="Bank Locator" type="4" />
      <ITEM ID="Memory Width total data" type="4"  />
      <ITEM ID="Size" type="1" />
      <ITEM ID="Form Factor" type="3" />
      <ITEM ID="Device Set" type="1"  />
      <ITEM ID="Type" type="3" />
      <ITEM ID="Detail" type="4" />
      <ITEM ID="Array Handle" type="4" />
      <ITEM ID="Err Handle" type="4" />
    </TABLE>
    <TABLE ID="Memory Error Information">
      <ITEM ID="Handle" type="4" />
      <ITEM ID="Err Type" type="4" />
      <ITEM ID="Granularity" type="4" />
      <ITEM ID="Operation" type="4" />
      <ITEM ID="Syndrome" type="4" />
      <ITEM ID="Array Address" type="4" />
      <ITEM ID="Device Address" type="4" />
      <ITEM ID="Resolution" type="4" />
    </TABLE>
    <TABLE ID="Memory Array Mapped Address Information">
      <ITEM ID="Handle" type="4"  />
      <ITEM ID="Start Addr" type="4"  />
      <ITEM ID="End Addr" type="4"  />
      <ITEM ID="Array Handle" type="4"  />
      <ITEM ID="Partition Width" type="4"  />
    </TABLE>
    <TABLE ID="Memory Device Mapped Address Information">
      <ITEM ID="Start Addr" type="4" />
      <ITEM ID="End Addr" type="4" />
      <ITEM ID="Device Handle" type="4" />
      <ITEM ID="Array Mapped Address Handle" type="4"  />
      <ITEM ID="Paritition Row Position" type="4"  />
      <ITEM ID="Interleave Position" type="4"  />
      <ITEM ID="Interleaved data depth" type="4"  />
    </TABLE>
    <TABLE ID="Built-In Pointing Device Information">
      <ITEM ID="Type" type="3" />
      <ITEM ID="Interface" type="3" />
      <ITEM ID="Number of Buttons" type="1" />
    </TABLE>
    <TABLE ID="Portable Battery Information">
      <ITEM ID="Location" type="3"  />
      <ITEM ID="Manufacture Date" type="3"  />
      <ITEM ID="Serial Number" type="3"  />
      <ITEM ID="Device Name" type="3"  />
      <ITEM ID="Capacity" type="3"  />
      <ITEM ID="Design Voltage" type="3"  />
      <ITEM ID="Smart Battery Specification Version" type="3"  />
      <ITEM ID="Maximum error in battery data" type="3"  />
      <ITEM ID="SBDS Manufacture Date" type="3"  /> 
      <ITEM ID="Chemistry" type="3"  /> 
      <ITEM ID="Capacity multiplier" type="3"  />
      <ITEM ID="OEM Data" type="3"  />
    </TABLE>
    <TABLE ID="System Reset Information">
      <ITEM ID="Capabilities" type="4"  />
      <ITEM ID="Reset Count" type="1"  />
      <ITEM ID="Reset Limit" type="1"  />
      <ITEM ID="Timer Interval" type="1"  />
      <ITEM ID="Timeout" type="1"  />
    </TABLE>
    <TABLE ID="Hardware Security Information">
      <ITEM ID="Power-on Password Status" type="4" />
      <ITEM ID="Keyboard Password Status" type="4" />
      <ITEM ID="Administrator Password Status" type="4" />
      <ITEM ID="Front Panel Reset Status" type="4" />
    </TABLE>
    <TABLE ID="Next Scheduled Power On Information">
      <ITEM ID="Month" type="3"  />
      <ITEM ID="Day" type="3"  />
      <ITEM ID="Hour" type="3"  />
      <ITEM ID="Minute" type="3"  />
      <ITEM ID="Second" type="3"  />
    </TABLE>
    <TABLE ID="Voltage Probes">
      <ITEM ID="Description" type="4"  />
      <ITEM ID="Location and status" type="4"  />
      <ITEM ID="Max Value" type="4"  />
      <ITEM ID="Min Value" type="4"  />
      <ITEM ID="Tolerance" type="4"  />
      <ITEM ID="Resolution" type="4"  />
      <ITEM ID="Accuracy" type="4"  />
      <ITEM ID="OEM Data" type="4"  />
    </TABLE>
    <TABLE ID="Cooling Devices">
      <ITEM ID="Temp Probe Handle" type="4"  />
      <ITEM ID="Device Type and Status" type="4"  />
      <ITEM ID="Cooling Unit Group" type="4"  />
      <ITEM ID="OEM Data" type="4"  />
    </TABLE>
    <TABLE ID="Temperature Probes">
      <ITEM ID="Description" type="4"  />
      <ITEM ID="Location and status" type="4"  />
      <ITEM ID="Max Value" type="4"  />
      <ITEM ID="Min Value" type="4"  />
      <ITEM ID="Resolution" type="4"  />
      <ITEM ID="Tolerance" type="4"  />
      <ITEM ID="Accuracy" type="4"  />
      <ITEM ID="OEM Data" type="4"  />
    </TABLE>
    <TABLE ID="Electrical Current Probes">
      <ITEM ID="Description" type="4"  />
      <ITEM ID="Location and status" type="4"  />
      <ITEM ID="Max Value" type="4"  />
      <ITEM ID="Min Value" type="4"  />
      <ITEM ID="Resolution" type="4"  />
      <ITEM ID="Tolerance" type="4"  />
      <ITEM ID="Accuracy" type="4"  />
      <ITEM ID="OEM Data" type="4"  />
    </TABLE>
    <TABLE ID="Out-of-Band Remote Access">
      <ITEM ID="Manufacturer Name" type="4"  />
      <ITEM ID="Connections" type="1"  />
    </TABLE>
    <TABLE ID="Boot Status">
      <ITEM ID="Boot Status" type="4" />
    </TABLE>
  </SECTION>
  <SECTION ID="SYSTEM EVENTS LOG" CLTNAME="tater" CLTTYPE="1">
    <TABLE ID="Common Header">
      <ITEM ID="Genesis Year" type="1" />
      <ITEM ID="First Customer Use Date" type="4" />
      <ITEM ID="Data Buffer Version" type="1" />
    </TABLE>
    <TABLE ID="Control">
      <ITEM ID="RAM Contents" type="4" />
      <ITEM ID="Date NVRAM Last Written" type="4" />
    </TABLE>
    <TABLE ID="Force Update">
      <ITEM ID="Command" type="4" />
    </TABLE>
	<TABLE ID="Flash Status Log">
      <ITEM ID="Flash Count" type="1" />
    </TABLE>
    <TABLE ID="Diagnostic Logging">
      <ITEM ID="Entry" type="1" />
      <ITEM ID="Error Code" type="4" />
      <ITEM ID="Error Date" type="4" />
    </TABLE>
    <TABLE ID="Diagnostic Static Data">
      <ITEM ID="Static Data" type="4" />
    </TABLE>
    <TABLE ID="Current Season Temperature Summary">
      <ITEM ID="Start Month" type="1" />
      <ITEM ID="Temperature Control Exceed Count" type="1"  />
    </TABLE>
    <TABLE ID="Current Season Temperature Data">
      <ITEM ID="Sensor" type="4" />
      <ITEM ID="55 to 59" type="1" />
      <ITEM ID="60 to 64" type="1" />
      <ITEM ID="65 to 70" type="1" />
      <ITEM ID="Maximum Temperature" type="1"  />
    </TABLE>
    <TABLE ID="Last Season Temperature Summary">
      <ITEM ID="Start Month" type="1" />
      <ITEM ID="Temperature Control Exceed Count" type="1"  />
    </TABLE>
    <TABLE ID="Last Season Temperature Data">
      <ITEM ID="Sensor" type="4" />
      <ITEM ID="55 to 59" type="1" />
      <ITEM ID="60 to 64" type="1" />
      <ITEM ID="65 to 70" type="1" />
      <ITEM ID="Maximum Temperature" type="1"  />
    </TABLE>
    <TABLE ID="Lifetime Temperature Summary">
      <ITEM ID="Start Month" type="4"  />
      <ITEM ID="Temperature Control Exceed Count" type="1"  />
    </TABLE>
    <TABLE ID="Lifetime Temperature Data">
      <ITEM ID="Sensor" type="4" />
      <ITEM ID="55 to 59" type="1" />
      <ITEM ID="60 to 64" type="1" />
      <ITEM ID="65 to 70" type="1" />
      <ITEM ID="Maximum Temperature" type="1"  />
    </TABLE>
    <TABLE ID="Temperature Alerts">
      <ITEM ID="Entry" type="1"  />
      <ITEM ID="Reason" type="1"  />
      <ITEM ID="Date" type="4"  />
      <ITEM ID="Processor Temperature" type="1"  />
      <ITEM ID="Sensor 2 Temperature" type="1"  />
      <ITEM ID="Sensor 3 Temperature" type="1"  />
      <ITEM ID="Throttle" type="1"  />
      <ITEM ID="Fan 1 Speed" type="1"  />
      <ITEM ID="Fan 2 Speed" type="1"  />
      <ITEM ID="Fan 3 Speed" type="1"  />
    </TABLE>
    <TABLE ID="Fan Alerts">
      <ITEM ID="Entry" type="1"  />
      <ITEM ID="Fan 0 installed" type="3"  />
      <ITEM ID="Fan 1 installed" type="3"  />
      <ITEM ID="Fan 2 installed" type="3"  />
      <ITEM ID="Fan 3 installed" type="3"  />
      <ITEM ID="Fan 0 working" type="3"  />
      <ITEM ID="Fan 1 working" type="3"  />
      <ITEM ID="Fan 2 working" type="3"  />
      <ITEM ID="Fan 3 working" type="3"  />
      <ITEM ID="Add/Remove Date" type="3"  />
    </TABLE>
    <TABLE ID="Flash Error Log">
      <ITEM ID="Last User" type="4" />
      <ITEM ID="Physical Address" type="1" />
    </TABLE>
    <TABLE ID="Flash Status">
      <ITEM ID="Windows Flash Count" type="1"  />
      <ITEM ID="Phlash16 Count" type="1"  />
      <ITEM ID="eFlash Count" type="1"  />
      <ITEM ID="Last Flash Date" type="4"  />
      <ITEM ID="BIOS Revision" type="1"  />
      <ITEM ID="Last User" type="4"  />
    </TABLE>
    <TABLE ID="BIOS Data">
      <ITEM ID="Entry" type="1"  />
      <ITEM ID="Fan Mode" type="1"  />
      <ITEM ID="Number of Fans" type="1"  />
      <ITEM ID="DIMM Slots Populated" type="1"  />
      <ITEM ID="PCI Slots Populated" type="1"  />
      <ITEM ID="Machine Types" type="1"  />
      <ITEM ID="Temperature Control" type="1"  />
      <ITEM ID="Processor ID" type="1"  />
      <ITEM ID="BIOS Revision" type="1"  />
    </TABLE>
    <TABLE ID="Power Cycle Data">
      <ITEM ID="Boot Count" type="1" />
      <ITEM ID="S3 Count" type="1"  />
      <ITEM ID="Total Active Time" type="4"  />
      <ITEM ID="Total S3 Time" type="4" />
      <ITEM ID="4-8 hour usage count" type="1"  />
      <ITEM ID="8-16 hour usage count" type="1"  />
      <ITEM ID="over 16 hour usage count" type="1"  />
      <ITEM ID="Power Offs" type="1"  />
    </TABLE>
    <TABLE ID="OS Logging Data">
      <ITEM ID="Data" type="4" />
    </TABLE>
    <TABLE ID="Thermal Critical Event Log">
      <ITEM ID="Event Type" type="1" />
      <ITEM ID="Date" type="4" />
      <ITEM ID="Action Table Number" type="1" />
      <ITEM ID="Speed Step" type="1" />
      <ITEM ID="Throttling" type="1" />
      <ITEM ID="GFX Throttling" type="1" />
      <ITEM ID="Value 0" type="1" />
      <ITEM ID="Value 1" type="1" />
      <ITEM ID="Value 2" type="1" />
      <ITEM ID="Value 3" type="1" />
      <ITEM ID="Value 4" type="1" />
      <ITEM ID="Value 5" type="1" />
      <ITEM ID="Power Status" type="1" />
    </TABLE>
    <TABLE ID="BIOS and Embedded Controller System Data">
      <ITEM ID="MTM" type="4"  />
      <ITEM ID="Model" type="4"  />
      <ITEM ID="Processor ID" type="1" />
    </TABLE>
    <TABLE ID="BIOS and Embedded Controller Data">
      <ITEM ID="Device" type="4" />
      <ITEM ID="Latest Revision" type="1" />
      <ITEM ID="Previous Revision" type="1" />
      <ITEM ID="Last Flash Date" type="4" />
      <ITEM ID="Last User" type="4" />
      <ITEM ID="Diskette Flash Count" type="1" />
      <ITEM ID="Flash Over LAN Count" type="1" />
      <ITEM ID="eFlash Count" type="1" />
    </TABLE>
    <TABLE ID="POST Error Log">
      <ITEM ID="Entry" type="1" />
      <ITEM ID="Error Code" type="1" />
      <ITEM ID="Date" type="4" />
    </TABLE>
    <TABLE ID="Flash Status Log">
      <ITEM ID="Flash Count" type="1" />
    </TABLE>
    <TABLE ID="Battery Info">
      <ITEM ID="Location" type="4"  />
      <ITEM ID="Bar Code" type="4"  />
      <ITEM ID="First Day Used" type="1"  />
      <ITEM ID="Cycle Count" type="1"  />
    </TABLE>
    <TABLE ID="Battery Error Source">
      <ITEM ID="Error Source" type="4" />
    </TABLE>
    <TABLE ID="Battery Error Log">
      <ITEM ID="Error Type" type="4" />
      <ITEM ID="Date" type="4" />
      <ITEM ID="Capacity" type="1" />
      <ITEM ID="Temperature" type="1" />
      <ITEM ID="Voltage" type="1" />
      <ITEM ID="Status" type="1" />
    </TABLE>
    <TABLE ID="Hard Disk Drive Data">
      <ITEM ID="APS Lifetime Head Unload Count" type="1"  />
      <ITEM ID="Date and Time of First Log" type="4"  />
      <ITEM ID="Hard Disk ID" type="1"  />
      <ITEM ID="APS Head Unload Count" type="1"  />
      <ITEM ID="SMART Head Unload Count" type="1"  />
      <ITEM ID="SMART Power On Hours" type="1"  />
    </TABLE>
    <TABLE ID="LCD Data Log">
      <ITEM ID="Total LCD On Time" type="1" />
      <ITEM ID="Total Backlight on Time" type="1" />
      <ITEM ID="Lid Switch Count" type="1" />
    </TABLE>
    <TABLE ID="Current Thermal Information">
      <ITEM ID="Current Processor Temperature" type="1"  />
      <ITEM ID="Processor Temperature Status" type="1"  />
      <ITEM ID="Environment Temperature Status" type="1"  />
      <ITEM ID="Thermal Mode" type="1"  />
      <ITEM ID="Fan 1 Status" type="1"  />
      <ITEM ID="Fan 2 Status" type="1"  />
      <ITEM ID="Fan 3 Status" type="1"  />
      <ITEM ID="Fan 4 Status" type="1"  />
    </TABLE>
    <TABLE ID="SMART Information">
      <ITEM ID="Drive" type="1"  />
      <ITEM ID="Failure Count" type="1"  />
    </TABLE>
    <TABLE ID="Unknown Structure">
      <ITEM ID="Type" type="1"  />
      <ITEM ID="Length" type="1"  />
      <ITEM ID="Checksum" type="1"  />
      <ITEM ID="Data" type="4"  />
    </TABLE>
  </SECTION>
  <SECTION ID="SYSTEM SUMMARY" CLTNAME="summary" CLTTYPE="0">
    <TABLE ID="System Summary">
      <ITEM ID="Computer Name" type="3"  />
      <ITEM ID="System Vendor" type="4"  />
      <ITEM ID="System Model" type="4"  />
      <ITEM ID="System Serial Number" type="4"  />
      <ITEM ID="BIOS Version" type="4"  />
      <ITEM ID="Current User" type="3"  />
      <ITEM ID="UUID" type="4" />
    </TABLE>
    <TABLE ID="Operating System">
      <ITEM ID="Vendor" type="4"  />
      <ITEM ID="Name" type="4"  />
      <ITEM ID="Version" type="4"  />
      <ITEM ID="Build" type="4"  />
      <ITEM ID="Service Level" type="4"  />
      <ITEM ID="OS" type="4"  />
      <ITEM ID="CPU Architecture" type="4" /> 
      <ITEM ID="CPU Address Width" type="4" />
      <ITEM ID="CPU Family" type="3" />
    </TABLE>
  </SECTION> 
  <SECTION ID="IBM ThinkVantage Technologies" CLTNAME="usage" CLTTYPE="1">
    <TABLE ID="IBM Scheduler Tasks">
      <ITEM ID="Task Name" type="4" />
      <ITEM ID="Program File" type="4" />
      <ITEM ID="Parameters" type="4" />
      <ITEM ID="Frequency" type="4" />
      <ITEM ID="Time" type="4" />
      <ITEM ID="Day" type="4" />
    </TABLE>
  </SECTION>
  <SECTION ID="TIME ZONE" CLTNAME="timezone" CLTTYPE="1">
    <TABLE ID="Current Time">
      <ITEM ID="Location" type="3" />
      <ITEM ID="Date" type="4" />
      <ITEM ID="Time" type="4" />
      <ITEM ID="Daylight Savings" type="3" />
      <ITEM ID="Time Zone" type="3" />
    </TABLE>
  </SECTION>
  <SECTION ID="Windows Startup Information" CLTNAME="startup" CLTTYPE="1">
    <TABLE ID="Startup Folder Contents">
      <ITEM ID="Software Package" type="3"  />
    </TABLE>
  </SECTION>
  <SECTION ID="WORKSTATION SECURITY" CLTNAME="security" CLTTYPE="1">
    <TABLE ID="User Accounts">
      <ITEM ID="User ID" type="3" />
      <ITEM ID="Name" type="3" />
      <ITEM ID="Password Set" type="3" />
      <ITEM ID="Password Age (days)" type="1"  />
      <ITEM ID="Privilege Level" type="3"  />
      <ITEM ID="Disabled" type="3" />
      <ITEM ID="Password Not Required" type="3" />
      <ITEM ID="Cannot Change Password" type="3" />
      <ITEM ID="Locked Out" type="3" />
      <ITEM ID="Password Never Expires" type="3" />
      <ITEM ID="Password Expired" type="3" />
    </TABLE>
    <TABLE ID="Password Policy">
      <ITEM ID="Minimum password length" type="1" />
      <ITEM ID="Maximum password age" type="1"  />
      <ITEM ID="Minimum password age" type="1"  />
      <ITEM ID="Password History Length" type="1" />
      <ITEM ID="Force Logoff (minutes)" type="1"  />
    </TABLE>
    <TABLE ID="Lockout Policy">
      <ITEM ID="Lockout Threshold" type="1" />
      <ITEM ID="Lockout Duration (minutes)" type="1"  />
      <ITEM ID="Lockout Reset (minutes)" type="1"  />
    </TABLE>
    <TABLE ID="Audit Policy">
      <ITEM ID="Policy" type="3" />
      <ITEM ID="Success" type="3" />
      <ITEM ID="Failure" type="3" />
    </TABLE>
    <TABLE ID="Screen Saver Settings">
      <ITEM ID="Desktop" type="3" />
      <ITEM ID="Screen Saver" type="3" /> 
      <ITEM ID="Secure" type="3" />
      <ITEM ID="Timeout" type="3" />
    </TABLE>
    <TABLE ID="File Sharing">
      <ITEM ID="Share" type="3" />
      <ITEM ID="Path" type="3" />
      <ITEM ID="Type" type="3" />
      <ITEM ID="Unauthorized Access" type="3" />
    </TABLE>
    <TABLE ID="GINA">
      <ITEM ID="GinaDLL" type="3" />
      <ITEM ID="Company" type="3" />
      <ITEM ID="Version" type="3" />
      <ITEM ID="Description" type="3" />
    </TABLE>
  </SECTION>
  <SECTION ID="DEMOGRAPHICS" CLTNAME="demographics" CLTTYPE="0" >
    <TABLE ID="Asset Demographics">
      <ITEM ID="Name" type="3" />
      <ITEM ID="Value" type="3" />
    </TABLE>
    <TABLE ID="User Demographics">
      <ITEM ID="Name" type="3" />
      <ITEM ID="Value" type="3" />
    </TABLE>
  </SECTION>
  <SECTION ID="CUSTOM" CLTNAME="egc" CLTTYPE="0"/>
</META>