﻿<MappingInterface>
	<OSs>		
		<OS>
			<OSTVIA>W2K-PRO</OSTVIA>
			<OSeGatherer>
				<Name>Windows 2000 Professional</Name>
				<ServiceRelease>default</ServiceRelease>
			</OSeGatherer>
			<OSPCDPackSpec>2K</OSPCDPackSpec>
			<OSQuest>Windows 2000</OSQuest>
		</OS>
		<OS>
			<OSTVIA>W2K-PRO.SP1</OSTVIA>
			<OSeGatherer>
				<Name>Windows 2000 Professional</Name>
				<ServiceRelease>Service Pack 1</ServiceRelease>
			</OSeGatherer>
			<OSPCDPackSpec>2K.SP1</OSPCDPackSpec>
			<OSQuest>Windows 2000</OSQuest>
		</OS>
		<OS>
			<OSTVIA>W2K-PRO.SP2</OSTVIA>
			<OSeGatherer>
				<Name>Windows 2000 Professional</Name>
				<ServiceRelease>Service Pack 2</ServiceRelease>
			</OSeGatherer>
			<OSPCDPackSpec>2K.SP2</OSPCDPackSpec>
			<OSQuest>Windows 2000</OSQuest>
		</OS>
		<OS>
			<OSTVIA>W2K-PRO.SP3</OSTVIA>
			<OSeGatherer>
				<Name>Windows 2000 Professional</Name>
				<ServiceRelease>Service Pack 3</ServiceRelease>
			</OSeGatherer>
			<OSPCDPackSpec>2K.SP3</OSPCDPackSpec>
			<OSQuest>Windows 2000</OSQuest>
		</OS>
		<OS>
			<OSTVIA>W2K-PRO.SP4</OSTVIA>
			<OSeGatherer>
				<Name>Windows 2000 Professional</Name>
				<ServiceRelease>Service Pack 4</ServiceRelease>
			</OSeGatherer>
			<OSPCDPackSpec>2K.SP4</OSPCDPackSpec>
			<OSQuest>Windows 2000</OSQuest>
		</OS>	
		<OS>
			<OSTVIA>W2K-SRV</OSTVIA>
			<OSeGatherer>
				<Name>Windows 2000 Server</Name>
				<ServiceRelease>default</ServiceRelease>
			</OSeGatherer>
			<OSPCDPackSpec>W2KS</OSPCDPackSpec>
			<OSQuest>Windows 2000 Server</OSQuest>
		</OS>
		<OS>
			<OSTVIA>W2K-SRV.SP1</OSTVIA>
			<OSeGatherer>
				<Name>Windows 2000 Server</Name>
				<ServiceRelease>Service Pack 1</ServiceRelease>
			</OSeGatherer>
			<OSPCDPackSpec>W2KS.SP1</OSPCDPackSpec>
			<OSQuest>Windows 2000 Server</OSQuest>
		</OS>
		<OS>
			<OSTVIA>W2K-SRV.SP2</OSTVIA>
			<OSeGatherer>
				<Name>Windows 2000 Server</Name>
				<ServiceRelease>Service Pack 2</ServiceRelease>
			</OSeGatherer>
			<OSPCDPackSpec>W2KS.SP2</OSPCDPackSpec>
			<OSQuest>Windows 2000 Server</OSQuest>
		</OS>
		<OS>
			<OSTVIA>W2K-SRV.SP3</OSTVIA>
			<OSeGatherer>
				<Name>Windows 2000 Server</Name>
				<ServiceRelease>Service Pack 3</ServiceRelease>
			</OSeGatherer>
			<OSPCDPackSpec>W2KS.SP3</OSPCDPackSpec>
			<OSQuest>Windows 2000 Server</OSQuest>
		</OS>
		<OS>
			<OSTVIA>W2K-SRV.SP4</OSTVIA>
			<OSeGatherer>
				<Name>Windows 2000 Server</Name>
				<ServiceRelease>Service Pack 4</ServiceRelease>
			</OSeGatherer>
			<OSPCDPackSpec>W2KS.SP4</OSPCDPackSpec>
			<OSQuest>Windows 2000 Server</OSQuest>
		</OS>		
		<OS>
			<OSTVIA>W2K-ADVSRV</OSTVIA>
			<OSeGatherer>
				<Name>Windows 2000 Advanced Server</Name>
				<ServiceRelease>default</ServiceRelease>
			</OSeGatherer>
			<OSPCDPackSpec>W2KAS</OSPCDPackSpec>
			<OSQuest>Windows 2000 Server</OSQuest>
		</OS>
		<OS>
			<OSTVIA>W2K-ADVSRV.SP1</OSTVIA>
			<OSeGatherer>
				<Name>Windows 2000 Advanced Server</Name>
				<ServiceRelease>Service Pack 1</ServiceRelease>
			</OSeGatherer>
			<OSPCDPackSpec>W2KAS.SP1</OSPCDPackSpec>
			<OSQuest>Windows 2000 Server</OSQuest>
		</OS>
		<OS>
			<OSTVIA>W2K-ADVSRV.SP2</OSTVIA>
			<OSeGatherer>
				<Name>Windows 2000 Advanced Server</Name>
				<ServiceRelease>Service Pack 2</ServiceRelease>
			</OSeGatherer>
			<OSPCDPackSpec>W2KAS.SP2</OSPCDPackSpec>
			<OSQuest>Windows 2000 Server</OSQuest>
		</OS>
		<OS>
			<OSTVIA>W2K-ADVSRV.SP3</OSTVIA>
			<OSeGatherer>
				<Name>Windows 2000 Advanced Server</Name>
				<ServiceRelease>Service Pack 3</ServiceRelease>
			</OSeGatherer>
			<OSPCDPackSpec>W2KAS.SP3</OSPCDPackSpec>
			<OSQuest>Windows 2000 Server</OSQuest>
		</OS>
		<OS>
			<OSTVIA>W2K-ADVSRV.SP4</OSTVIA>
			<OSeGatherer>
				<Name>Windows 2000 Advanced Server</Name>
				<ServiceRelease>Service Pack 4</ServiceRelease>
			</OSeGatherer>
			<OSPCDPackSpec>W2KAS.SP4</OSPCDPackSpec>
			<OSQuest>Windows 2000 Server</OSQuest>
		</OS>		
		<OS>
			<OSTVIA>WXP-PRO</OSTVIA>
			<OSeGatherer>
				<Name>Windows XP Professional</Name>
				<ServiceRelease>default</ServiceRelease>
			</OSeGatherer>
			<OSPCDPackSpec>XP</OSPCDPackSpec>
			<OSQuest>Windows XP</OSQuest>
		</OS>
		<OS>
			<OSTVIA>WXP-HOME</OSTVIA>
			<OSeGatherer>
				<Name>Windows XP Home</Name>
				<ServiceRelease>default</ServiceRelease>
			</OSeGatherer>
			<OSPCDPackSpec>XP</OSPCDPackSpec>
			<OSQuest>Windows XP</OSQuest>
		</OS>
		<OS>
			<OSTVIA>WXP-PRO.SP1</OSTVIA>
			<OSeGatherer>
				<Name>Windows XP Professional</Name>
				<ServiceRelease>Service Pack 1</ServiceRelease>
			</OSeGatherer>
			<OSPCDPackSpec>XP.SP1</OSPCDPackSpec>
			<OSQuest>Windows XP</OSQuest>
		</OS>
		<OS>
			<OSTVIA>WXP-HOME.SP1</OSTVIA>
			<OSeGatherer>
				<Name>Windows XP Home</Name>
				<ServiceRelease>Service Pack 1</ServiceRelease>
			</OSeGatherer>
			<OSPCDPackSpec>XP.SP1</OSPCDPackSpec>
			<OSQuest>Windows XP</OSQuest>
		</OS>
		<OS>
			<OSTVIA>WXP-PRO.SP2</OSTVIA>
			<OSeGatherer>
				<Name>Windows XP Professional</Name>
				<ServiceRelease>Service Pack 2</ServiceRelease>
			</OSeGatherer>
			<OSPCDPackSpec>XP.SP2</OSPCDPackSpec>
			<OSQuest>Windows XP</OSQuest>
		</OS>
		<OS>
			<OSTVIA>WXP-HOME.SP2</OSTVIA>
			<OSeGatherer>
				<Name>Windows XP Home</Name>
				<ServiceRelease>Service Pack 2</ServiceRelease>
			</OSeGatherer>
			<OSPCDPackSpec>XP.SP2</OSPCDPackSpec>
			<OSQuest>Windows XP</OSQuest>
		</OS>
		<OS>
			<OSTVIA>WXP-PRO.SP3</OSTVIA>
			<OSeGatherer>
				<Name>Windows XP Professional</Name>
				<ServiceRelease>Service Pack 3</ServiceRelease>
			</OSeGatherer>
			<OSPCDPackSpec>XP.SP3</OSPCDPackSpec>
			<OSQuest>Windows XP</OSQuest>
		</OS>
		<OS>
			<OSTVIA>WXP-HOME.SP3</OSTVIA>
			<OSeGatherer>
				<Name>Windows XP Home</Name>
				<ServiceRelease>Service Pack 3</ServiceRelease>
			</OSeGatherer>
			<OSPCDPackSpec>XP.SP3</OSPCDPackSpec>
			<OSQuest>Windows XP</OSQuest>
		</OS>
		<OS>
			<OSTVIA>VS-STARTER</OSTVIA>
			<OSeGatherer>
				<Name>Vista Starter</Name>
				<ServiceRelease>default</ServiceRelease>
			</OSeGatherer>
			<OSQuest>Windows Vista</OSQuest>
		</OS>	
		<OS>
			<OSTVIA>VS-BUS</OSTVIA>
			<OSeGatherer>
				<Name>Vista Business</Name>
				<ServiceRelease>default</ServiceRelease>
			</OSeGatherer>
			<OSQuest>Windows Vista</OSQuest>
		</OS>
		<OS>
			<OSTVIA>VS-HOMEBASIC</OSTVIA>
			<OSeGatherer>
				<Name>Vista Home Basic</Name>
				<ServiceRelease>default</ServiceRelease>
			</OSeGatherer>
			<OSQuest>Windows Vista</OSQuest>
		</OS>
		<OS>
			<OSTVIA>VS-HOMEPREM</OSTVIA>
			<OSeGatherer>
				<Name>Vista Home Premium</Name>
				<ServiceRelease>default</ServiceRelease>
			</OSeGatherer>
			<OSQuest>Windows Vista</OSQuest>
		</OS>
		<OS>
			<OSTVIA>VS-HOMEULT</OSTVIA>
			<OSeGatherer>
				<Name>Vista Home Ultimate</Name>
				<ServiceRelease>default</ServiceRelease>
			</OSeGatherer>
			<OSQuest>Windows Vista</OSQuest>
		</OS>
		<OS>
			<OSTVIA>VS-ENT</OSTVIA>
			<OSeGatherer>
				<Name>Vista Enterprise</Name>
				<ServiceRelease>default</ServiceRelease>
			</OSeGatherer>
			<OSQuest>Windows Vista</OSQuest>
		</OS>
		<OS>
			<OSTVIA>VS-BUS.SP1</OSTVIA>
			<OSeGatherer>
				<Name>Vista Business</Name>
				<ServiceRelease>Service Pack 1</ServiceRelease>
			</OSeGatherer>
			<OSQuest>Windows Vista</OSQuest>
		</OS>
		<OS>
			<OSTVIA>VS-STARTER.SP1</OSTVIA>
			<OSeGatherer>
				<Name>Vista Starter</Name>
				<ServiceRelease>Service Pack 1</ServiceRelease>
			</OSeGatherer>
			<OSQuest>Windows Vista</OSQuest>
		</OS>
		<OS>
			<OSTVIA>VS-HOMEBASIC.SP1</OSTVIA>
			<OSeGatherer>
				<Name>Vista Home Basic</Name>
				<ServiceRelease>Service Pack 1</ServiceRelease>
			</OSeGatherer>
			<OSQuest>Windows Vista</OSQuest>
		</OS>
		<OS>
			<OSTVIA>VS-HOMEPREM.SP1</OSTVIA>
			<OSeGatherer>
				<Name>Vista Home Premium</Name>
				<ServiceRelease>Service Pack 1</ServiceRelease>
			</OSeGatherer>
			<OSQuest>Windows Vista</OSQuest>
		</OS>
		<OS>
			<OSTVIA>VS-HOMEULT.SP1</OSTVIA>
			<OSeGatherer>
				<Name>Vista Home Ultimate</Name>
				<ServiceRelease>Service Pack 1</ServiceRelease>
			</OSeGatherer>
			<OSQuest>Windows Vista</OSQuest>
		</OS>		
		<OS>
			<OSTVIA>VS-ENT.SP1</OSTVIA>
			<OSeGatherer>
				<Name>Vista Enterprise</Name>
				<ServiceRelease>Service Pack 1</ServiceRelease>
			</OSeGatherer>
			<OSQuest>Windows Vista</OSQuest>
		</OS>
        <OS>
			<OSTVIA>VS-BUS.SP2</OSTVIA>
			<OSeGatherer>
				<Name>Vista Business</Name>
				<ServiceRelease>Service Pack 2</ServiceRelease>
			</OSeGatherer>
			<OSQuest>Windows Vista</OSQuest>
		</OS>
		<OS>
			<OSTVIA>VS-STARTER.SP2</OSTVIA>
			<OSeGatherer>
				<Name>Vista Starter</Name>
				<ServiceRelease>Service Pack 2</ServiceRelease>
			</OSeGatherer>
			<OSQuest>Windows Vista</OSQuest>
		</OS>
		<OS>
			<OSTVIA>VS-HOMEBASIC.SP2</OSTVIA>
			<OSeGatherer>
				<Name>Vista Home Basic</Name>
				<ServiceRelease>Service Pack 2</ServiceRelease>
			</OSeGatherer>
			<OSQuest>Windows Vista</OSQuest>
		</OS>
		<OS>
			<OSTVIA>VS-HOMEPREM.SP2</OSTVIA>
			<OSeGatherer>
				<Name>Vista Home Premium</Name>
				<ServiceRelease>Service Pack 2</ServiceRelease>
			</OSeGatherer>
			<OSQuest>Windows Vista</OSQuest>
		</OS>
		<OS>
			<OSTVIA>VS-HOMEULT.SP2</OSTVIA>
			<OSeGatherer>
				<Name>Vista Home Ultimate</Name>
				<ServiceRelease>Service Pack 2</ServiceRelease>
			</OSeGatherer>
			<OSQuest>Windows Vista</OSQuest>
		</OS>		
		<OS>
			<OSTVIA>VS-ENT.SP2</OSTVIA>
			<OSeGatherer>
				<Name>Vista Enterprise</Name>
				<ServiceRelease>Service Pack 2</ServiceRelease>
			</OSeGatherer>
			<OSQuest>Windows Vista</OSQuest>
		</OS>  
       <OS>
			<OSTVIA>WIN7-STARTER</OSTVIA>
			<OSeGatherer>
				<Name>WINDOWS 7 Starter</Name>
				<ServiceRelease>default</ServiceRelease>
			</OSeGatherer>
			<OSQuest>Windows 7</OSQuest>
		</OS>	
		<OS>
			<OSTVIA>WIN7-BUS</OSTVIA>
			<OSeGatherer>
				<Name>WINDOWS 7 Business</Name>
				<ServiceRelease>default</ServiceRelease>
			</OSeGatherer>
			<OSQuest>Windows 7</OSQuest>
		</OS>
		<OS>
			<OSTVIA>WIN7-HOMEBASIC</OSTVIA>
			<OSeGatherer>
				<Name>WINDOWS 7 Home Basic</Name>
				<ServiceRelease>default</ServiceRelease>
			</OSeGatherer>
			<OSQuest>Windows 7</OSQuest>
		</OS>
		<OS>
			<OSTVIA>WIN7-HOMEPREM</OSTVIA>
			<OSeGatherer>
				<Name>WINDOWS 7 Home Premium</Name>
				<ServiceRelease>default</ServiceRelease>
			</OSeGatherer>
			<OSQuest>Windows 7</OSQuest>
		</OS>
		<OS>
			<OSTVIA>WIN7-ULT</OSTVIA>
			<OSeGatherer>
				<Name>WINDOWS 7 Ultimate</Name>
				<ServiceRelease>default</ServiceRelease>
			</OSeGatherer>
			<OSQuest>Windows 7</OSQuest>
		</OS>
		<OS>
			<OSTVIA>WIN7-ENT</OSTVIA>
			<OSeGatherer>
				<Name>WINDOWS 7 Enterprise</Name>
				<ServiceRelease>default</ServiceRelease>
			</OSeGatherer>
			<OSQuest>Windows 7</OSQuest>
		</OS>
		<OS>
			<OSTVIA>WIN7-PRO</OSTVIA>
			<OSeGatherer>
				<Name>WINDOWS 7 Professional</Name>
				<ServiceRelease>default</ServiceRelease>
			</OSeGatherer>
			<OSQuest>Windows 7</OSQuest>
		</OS>
		<OS>
			<OSTVIA>WIN7-STARTER.SP1</OSTVIA>
			<OSeGatherer>
				<Name>WINDOWS 7 Starter</Name>
				<ServiceRelease>Service Pack 1</ServiceRelease>
			</OSeGatherer>
			<OSQuest>Windows 7</OSQuest>
		</OS>	
		<OS>
			<OSTVIA>WIN7-BUS.SP1</OSTVIA>
			<OSeGatherer>
				<Name>WINDOWS 7 Business</Name>
				<ServiceRelease>Service Pack 1</ServiceRelease>
			</OSeGatherer>
			<OSQuest>Windows 7</OSQuest>
		</OS>
		<OS>
			<OSTVIA>WIN7-HOMEBASIC.SP1</OSTVIA>
			<OSeGatherer>
				<Name>WINDOWS 7 Home Basic</Name>
				<ServiceRelease>Service Pack 1</ServiceRelease>
			</OSeGatherer>
			<OSQuest>Windows 7</OSQuest>
		</OS>
		<OS>
			<OSTVIA>WIN7-HOMEPREM.SP1</OSTVIA>
			<OSeGatherer>
				<Name>WINDOWS 7 Home Premium</Name>
				<ServiceRelease>Service Pack 1</ServiceRelease>
			</OSeGatherer>
			<OSQuest>Windows 7</OSQuest>
		</OS>
		<OS>
			<OSTVIA>WIN7-ULT.SP1</OSTVIA>
			<OSeGatherer>
				<Name>WINDOWS 7 Ultimate</Name>
				<ServiceRelease>Service Pack 1</ServiceRelease>
			</OSeGatherer>
			<OSQuest>Windows 7</OSQuest>
		</OS>
		<OS>
			<OSTVIA>WIN7-ENT.SP1</OSTVIA>
			<OSeGatherer>
				<Name>WINDOWS 7 Enterprise</Name>
				<ServiceRelease>Service Pack 1</ServiceRelease>
			</OSeGatherer>
			<OSQuest>Windows 7</OSQuest>
		</OS>
		<OS>
			<OSTVIA>WIN7-PRO.SP1</OSTVIA>
			<OSeGatherer>
				<Name>WINDOWS 7 Professional</Name>
				<ServiceRelease>Service Pack 1</ServiceRelease>
			</OSeGatherer>
			<OSQuest>Windows 7</OSQuest>
		</OS>
		<OS>
			<OSTVIA>WIN7-STARTER.SP2</OSTVIA>
			<OSeGatherer>
				<Name>WINDOWS 7 Starter</Name>
				<ServiceRelease>Service Pack 2</ServiceRelease>
			</OSeGatherer>
			<OSQuest>Windows 7</OSQuest>
		</OS>	
		<OS>
			<OSTVIA>WIN7-BUS.SP2</OSTVIA>
			<OSeGatherer>
				<Name>WINDOWS 7 Business</Name>
				<ServiceRelease>Service Pack 2</ServiceRelease>
			</OSeGatherer>
			<OSQuest>Windows 7</OSQuest>
		</OS>
		<OS>
			<OSTVIA>WIN7-HOMEBASIC.SP2</OSTVIA>
			<OSeGatherer>
				<Name>WINDOWS 7 Home Basic</Name>
				<ServiceRelease>Service Pack 2</ServiceRelease>
			</OSeGatherer>
			<OSQuest>Windows 7</OSQuest>
		</OS>
		<OS>
			<OSTVIA>WIN7-HOMEPREM.SP2</OSTVIA>
			<OSeGatherer>
				<Name>WINDOWS 7 Home Premium</Name>
				<ServiceRelease>Service Pack 2</ServiceRelease>
			</OSeGatherer>
			<OSQuest>Windows 7</OSQuest>
		</OS>
		<OS>
			<OSTVIA>WIN7-ULT.SP2</OSTVIA>
			<OSeGatherer>
				<Name>WINDOWS 7 Ultimate</Name>
				<ServiceRelease>Service Pack 2</ServiceRelease>
			</OSeGatherer>
			<OSQuest>Windows 7</OSQuest>
		</OS>
		<OS>
			<OSTVIA>WIN7-ENT.SP2</OSTVIA>
			<OSeGatherer>
				<Name>WINDOWS 7 Enterprise</Name>
				<ServiceRelease>Service Pack 2</ServiceRelease>
			</OSeGatherer>
			<OSQuest>Windows 7</OSQuest>
		</OS>
		<OS>
			<OSTVIA>WIN7-PRO.SP2</OSTVIA>
			<OSeGatherer>
				<Name>WINDOWS 7 Professional</Name>
				<ServiceRelease>Service Pack 2</ServiceRelease>
			</OSeGatherer>
			<OSQuest>Windows 7</OSQuest>
		</OS>
		<OS>
			<OSTVIA>WIN8</OSTVIA>
			<OSeGatherer>
				<Name>WINDOWS 8</Name>
				<ServiceRelease>default</ServiceRelease>
			</OSeGatherer>
			<OSQuest>Windows 8</OSQuest>
		</OS>	
		<OS>
			<OSTVIA>WIN8-PRO</OSTVIA>
			<OSeGatherer>
				<Name>WINDOWS 8 Professional</Name>
				<ServiceRelease>default</ServiceRelease>
			</OSeGatherer>
			<OSQuest>Windows 8</OSQuest>
		</OS>
		<OS>
			<OSTVIA>WIN8-ENT</OSTVIA>
			<OSeGatherer>
				<Name>WINDOWS 8 Enterprise</Name>
				<ServiceRelease>default</ServiceRelease>
			</OSeGatherer>
			<OSQuest>Windows 8</OSQuest>
		</OS>
		<OS>
			<OSTVIA>WIN81</OSTVIA>
			<OSeGatherer>
				<Name>WINDOWS 8.1</Name>
				<ServiceRelease>default</ServiceRelease>
			</OSeGatherer>
			<OSQuest>Windows 8</OSQuest>
		</OS>
		<OS>
			<OSTVIA>WIN81-PRO</OSTVIA>
			<OSeGatherer>
				<Name>WINDOWS 8.1 Professional</Name>
				<ServiceRelease>default</ServiceRelease>
			</OSeGatherer>
			<OSQuest>Windows 8</OSQuest>
		</OS>
		<OS>
			<OSTVIA>WIN81-ENT</OSTVIA>
			<OSeGatherer>
				<Name>WINDOWS 8.1 Enterprise</Name>
				<ServiceRelease>default</ServiceRelease>
			</OSeGatherer>
			<OSQuest>Windows 8</OSQuest>
		</OS>
		<OS>
			<OSTVIA>WIN82</OSTVIA>
			<OSeGatherer>
				<Name>WINDOWS 8.2</Name>
				<ServiceRelease>default</ServiceRelease>
			</OSeGatherer>
			<OSQuest>Windows 8</OSQuest>
		</OS>
		<OS>
			<OSTVIA>WIN82-PRO</OSTVIA>
			<OSeGatherer>
				<Name>WINDOWS 8.2 Professional</Name>
				<ServiceRelease>default</ServiceRelease>
			</OSeGatherer>
			<OSQuest>Windows 8</OSQuest>
		</OS>
		<OS>
			<OSTVIA>WIN82-ENT</OSTVIA>
			<OSeGatherer>
				<Name>WINDOWS 8.2 Enterprise</Name>
				<ServiceRelease>default</ServiceRelease>
			</OSeGatherer>
			<OSQuest>Windows 8</OSQuest>
		</OS>
		<OS>
			<OSTVIA>WIN10</OSTVIA>
			<OSeGatherer>
				<Name>WINDOWS 10</Name>
				<ServiceRelease>default</ServiceRelease>
			</OSeGatherer>
			<OSQuest>Windows 10</OSQuest>
		</OS>
		<OS>
			<OSTVIA>WIN10-PRO</OSTVIA>
			<OSeGatherer>
				<Name>WINDOWS 10 Professional</Name>
				<ServiceRelease>default</ServiceRelease>
			</OSeGatherer>
			<OSQuest>Windows 10</OSQuest>
		</OS>
		<OS>
			<OSTVIA>WIN10-ENT</OSTVIA>
			<OSeGatherer>
				<Name>WINDOWS 10 Enterprise</Name>
				<ServiceRelease>default</ServiceRelease>
			</OSeGatherer>
			<OSQuest>Windows 10</OSQuest>
		</OS>
	</OSs>
	<Languages>
		<Language>
			<TLA>AFK</TLA>
			<StrippedTLA>AF</StrippedTLA>
			<ModTLA>AF</ModTLA>
			<QuestLang>EN</QuestLang>
			<NLS>EN</NLS>
			<!--<LPS>AF</LPS>-->
			<LPS>EN</LPS>
		</Language>
		<Language>
			<TLA>SQI</TLA>
			<StrippedTLA>SQ</StrippedTLA>
			<ModTLA>SQ</ModTLA>
			<QuestLang>EN</QuestLang>
			<NLS>EN</NLS>
			<!--<LPS>SQ</LPS>-->
			<LPS>EN</LPS>
		</Language>
		<Language>
			<TLA>ARG</TLA>
			<StrippedTLA>AR</StrippedTLA>
			<ModTLA>AR</ModTLA>
			<QuestLang>EN</QuestLang>
			<NLS>EN</NLS>
			<LPS>AR</LPS>
		</Language>
		<Language>
			<TLA>ARH</TLA>
			<StrippedTLA>AR</StrippedTLA>
			<ModTLA>AR</ModTLA>
			<QuestLang>EN</QuestLang>
			<NLS>EN</NLS>
			<LPS>AR</LPS>
		</Language>
		<Language>
			<TLA>ARE</TLA>
			<StrippedTLA>AR</StrippedTLA>
			<ModTLA>AR</ModTLA>
			<QuestLang>EN</QuestLang>
			<NLS>EN</NLS>
			<LPS>AR</LPS>
		</Language>
		<Language>
			<TLA>ARI</TLA>
			<StrippedTLA>AR</StrippedTLA>
			<ModTLA>AR</ModTLA>
			<QuestLang>EN</QuestLang>
			<NLS>EN</NLS>
			<LPS>AR</LPS>
		</Language>
		<Language>
			<TLA>ARJ</TLA>
			<StrippedTLA>AR</StrippedTLA>
			<ModTLA>AR</ModTLA>
			<QuestLang>EN</QuestLang>
			<NLS>EN</NLS>
			<LPS>AR</LPS>
		</Language>
		<Language>
			<TLA>ARK</TLA>
			<StrippedTLA>AR</StrippedTLA>
			<ModTLA>AR</ModTLA>
			<QuestLang>EN</QuestLang>
			<NLS>EN</NLS>
			<LPS>AR</LPS>
		</Language>
		<Language>
			<TLA>ARB</TLA>
			<StrippedTLA>AR</StrippedTLA>
			<ModTLA>AR</ModTLA>
			<QuestLang>EN</QuestLang>
			<NLS>EN</NLS>
			<LPS>AR</LPS>
		</Language>
		<Language>
			<TLA>ARL</TLA>
			<StrippedTLA>AR</StrippedTLA>
			<ModTLA>AR</ModTLA>
			<QuestLang>EN</QuestLang>
			<NLS>EN</NLS>
			<LPS>AR</LPS>
		</Language>
		<Language>
			<TLA>ARM</TLA>
			<StrippedTLA>AR</StrippedTLA>
			<ModTLA>AR</ModTLA>
			<QuestLang>EN</QuestLang>
			<NLS>EN</NLS>
			<LPS>AR</LPS>
		</Language>
		<Language>
			<TLA>ARO</TLA>
			<StrippedTLA>AR</StrippedTLA>
			<ModTLA>AR</ModTLA>
			<QuestLang>EN</QuestLang>
			<NLS>EN</NLS>
			<LPS>AR</LPS>
		</Language>
		<Language>
			<TLA>ARQ</TLA>
			<StrippedTLA>AR</StrippedTLA>
			<ModTLA>AR</ModTLA>
			<QuestLang>EN</QuestLang>
			<NLS>EN</NLS>
			<LPS>AR</LPS>
		</Language>
		<Language>
			<TLA>ARA</TLA>
			<StrippedTLA>AR</StrippedTLA>
			<ModTLA>AR</ModTLA>
			<QuestLang>EN</QuestLang>
			<NLS>EN</NLS>
			<LPS>AR</LPS>
		</Language>
		<Language>
			<TLA>ARS</TLA>
			<StrippedTLA>AR</StrippedTLA>
			<ModTLA>AR</ModTLA>
			<QuestLang>EN</QuestLang>
			<NLS>EN</NLS>
			<LPS>AR</LPS>
		</Language>
		<Language>
			<TLA>ART</TLA>
			<StrippedTLA>AR</StrippedTLA>
			<ModTLA>AR</ModTLA>
			<QuestLang>EN</QuestLang>
			<NLS>EN</NLS>
			<LPS>AR</LPS>
		</Language>
		<Language>
			<TLA>ARU</TLA>
			<StrippedTLA>AR</StrippedTLA>
			<ModTLA>AR</ModTLA>
			<QuestLang>EN</QuestLang>
			<NLS>EN</NLS>
			<LPS>AR</LPS>
		</Language>
		<Language>
			<TLA>ARY</TLA>
			<StrippedTLA>AR</StrippedTLA>
			<ModTLA>AR</ModTLA>
			<QuestLang>EN</QuestLang>
			<NLS>EN</NLS>
			<LPS>AR</LPS>
		</Language>
		<Language>
			<TLA>HYE</TLA>
			<StrippedTLA>HY</StrippedTLA>
			<ModTLA>HY</ModTLA>
			<QuestLang>EN</QuestLang>
			<NLS>EN</NLS>
			<!--<LPS>HY</LPS>-->
			<LPS>EN</LPS>
		</Language>
		<Language>
			<TLA>AZE</TLA>
			<StrippedTLA>AZ</StrippedTLA>
			<ModTLA>AZ</ModTLA>
			<QuestLang>EN</QuestLang>
			<NLS>EN</NLS>
			<!--<LPS>AZ</LPS>-->
			<LPS>EN</LPS>
		</Language>
		<Language>
			<TLA>AZE</TLA>
			<StrippedTLA>AZ</StrippedTLA>
			<ModTLA>AZ</ModTLA>
			<QuestLang>EN</QuestLang>
			<NLS>EN</NLS>
			<!--<LPS>AZ</LPS>-->
			<LPS>EN</LPS>
		</Language>
		<Language>
			<TLA>EUQ</TLA>
			<StrippedTLA>EU</StrippedTLA>
			<ModTLA>EU</ModTLA>
			<QuestLang>ES</QuestLang>
			<NLS>ES</NLS>
			<!--<LPS>EU</LPS>-->
			<LPS>ES</LPS>
		</Language>
		<Language>
			<TLA>BEL</TLA>
			<StrippedTLA>BE</StrippedTLA>
			<ModTLA>BE</ModTLA>
			<QuestLang>EN</QuestLang>
			<NLS>EN</NLS>
			<!--<LPS>BE</LPS>-->
			<LPS>EN</LPS>
		</Language>
		<Language>
			<TLA>BGR</TLA>
			<StrippedTLA>BG</StrippedTLA>
			<ModTLA>BG</ModTLA>
			<QuestLang>EN</QuestLang>
			<NLS>EN</NLS>
			<!--<LPS>BG</LPS>-->
			<LPS>EN</LPS>
		</Language>
		<Language>
			<TLA>CAT</TLA>
			<StrippedTLA>CA</StrippedTLA>
			<ModTLA>CA</ModTLA>
			<QuestLang>ES</QuestLang>
			<NLS>ES</NLS>
			<!--<LPS>CA</LPS>-->
			<LPS>ES</LPS>
		</Language>
		<Language>
			<TLA>ZHH</TLA>
			<StrippedTLA>ZHH</StrippedTLA>
			<ModTLA>CHT</ModTLA>
			<QuestLang>CHT</QuestLang>
			<NLS>CHT</NLS>
			<!--<LPS>ZHH</LPS>-->
			<LPS>CHT</LPS>
		</Language>
		<Language>
			<TLA>ZHM</TLA>
			<StrippedTLA>ZHH</StrippedTLA>
			<ModTLA>CHT</ModTLA>
			<QuestLang>CHT</QuestLang>
			<NLS>CHT</NLS>
			<!--<LPS>ZHH</LPS>-->
			<LPS>CHT</LPS>
		</Language>
		<Language>
			<TLA>CHS</TLA>
			<StrippedTLA>CHS</StrippedTLA>
			<ModTLA>CHS</ModTLA>
			<QuestLang>CHS</QuestLang>
			<NLS>CHS</NLS>
			<LPS>CHS</LPS>
		</Language>
		<Language>
			<TLA>ZHI</TLA>
			<StrippedTLA>ZHI</StrippedTLA>
			<ModTLA>CHS</ModTLA>
			<QuestLang>CHS</QuestLang>
			<NLS>CHS</NLS>
			<!--<LPS>ZHI</LPS>-->
			<LPS>CHS</LPS>
		</Language>
		<Language>
			<TLA>CHT</TLA>
			<StrippedTLA>CHT</StrippedTLA>
			<ModTLA>CHT</ModTLA>
			<QuestLang>CHT</QuestLang>
			<NLS>CHT</NLS>
			<LPS>CHT</LPS>
		</Language>
		<Language>
			<TLA>HRV</TLA>
			<StrippedTLA>HR</StrippedTLA>
			<ModTLA>HR</ModTLA>
			<QuestLang>EN</QuestLang>
			<NLS>EN</NLS>
			<!--<LPS>HR</LPS>-->
			<LPS>EN</LPS>
		</Language>
		<Language>
			<TLA>CSY</TLA>
			<StrippedTLA>CS</StrippedTLA>
			<ModTLA>CS</ModTLA>
			<QuestLang>EN</QuestLang>
			<NLS>EN</NLS>
			<LPS>CS</LPS>
		</Language>
		<Language>
			<TLA>DAN</TLA>
			<StrippedTLA>DA</StrippedTLA>
			<ModTLA>DA</ModTLA>
			<QuestLang>DA</QuestLang>
			<NLS>DA</NLS>
			<LPS>DA</LPS>
		</Language>
		<Language>
			<TLA>DIV</TLA>
			<StrippedTLA>DI</StrippedTLA>
			<ModTLA>DI</ModTLA>
			<QuestLang>EN</QuestLang>
			<NLS>EN</NLS>
			<!--<LPS>DI</LPS>-->
			<LPS>EN</LPS>
		</Language>
		<Language>
			<TLA>NLB</TLA>
			<StrippedTLA>NL</StrippedTLA>
			<ModTLA>NL</ModTLA>
			<QuestLang>NL</QuestLang>
			<NLS>NL</NLS>
			<LPS>NL</LPS>
		</Language>
		<Language>
			<TLA>NLD</TLA>
			<StrippedTLA>NL</StrippedTLA>
			<ModTLA>NL</ModTLA>
			<QuestLang>NL</QuestLang>
			<NLS>NL</NLS>
			<LPS>NL</LPS>
		</Language>
		<Language>
			<TLA>ENA</TLA>
			<StrippedTLA>EN</StrippedTLA>
			<ModTLA>EN</ModTLA>
			<QuestLang>EN</QuestLang>
			<NLS>EN</NLS>
			<LPS>EN</LPS>
		</Language>
		<Language>
			<TLA>ENL</TLA>
			<StrippedTLA>EN</StrippedTLA>
			<ModTLA>EN</ModTLA>
			<QuestLang>EN</QuestLang>
			<NLS>EN</NLS>
			<LPS>EN</LPS>
		</Language>
		<Language>
			<TLA>ENC</TLA>
			<StrippedTLA>EN</StrippedTLA>
			<ModTLA>EN</ModTLA>
			<QuestLang>EN</QuestLang>
			<NLS>EN</NLS>
			<LPS>EN</LPS>
		</Language>
		<Language>
			<TLA>ENB</TLA>
			<StrippedTLA>EN</StrippedTLA>
			<ModTLA>EN</ModTLA>
			<QuestLang>EN</QuestLang>
			<NLS>EN</NLS>
			<LPS>EN</LPS>
		</Language>
		<Language>
			<TLA>ENI</TLA>
			<StrippedTLA>EN</StrippedTLA>
			<ModTLA>EN</ModTLA>
			<QuestLang>EN</QuestLang>
			<NLS>EN</NLS>
			<LPS>EN</LPS>
		</Language>
		<Language>
			<TLA>ENJ</TLA>
			<StrippedTLA>EN</StrippedTLA>
			<ModTLA>EN</ModTLA>
			<QuestLang>EN</QuestLang>
			<NLS>EN</NLS>
			<LPS>EN</LPS>
		</Language>
		<Language>
			<TLA>ENZ</TLA>
			<StrippedTLA>EN</StrippedTLA>
			<ModTLA>EN</ModTLA>
			<QuestLang>EN</QuestLang>
			<NLS>EN</NLS>
			<LPS>EN</LPS>
		</Language>
		<Language>
			<TLA>ENP</TLA>
			<StrippedTLA>EN</StrippedTLA>
			<ModTLA>EN</ModTLA>
			<QuestLang>EN</QuestLang>
			<NLS>EN</NLS>
			<LPS>EN</LPS>
		</Language>
		<Language>
			<TLA>ENS</TLA>
			<StrippedTLA>EN</StrippedTLA>
			<ModTLA>EN</ModTLA>
			<QuestLang>EN</QuestLang>
			<NLS>EN</NLS>
			<LPS>EN</LPS>
		</Language>
		<Language>
			<TLA>ENT</TLA>
			<StrippedTLA>EN</StrippedTLA>
			<ModTLA>EN</ModTLA>
			<QuestLang>EN</QuestLang>
			<NLS>EN</NLS>
			<LPS>EN</LPS>
		</Language>
		<Language>
			<TLA>ENG</TLA>
			<StrippedTLA>EN</StrippedTLA>
			<ModTLA>EN</ModTLA>
			<QuestLang>EN</QuestLang>
			<NLS>EN</NLS>
			<LPS>EN</LPS>
		</Language>
		<Language>
			<TLA>ENU</TLA>
			<StrippedTLA>EN</StrippedTLA>
			<ModTLA>EN</ModTLA>
			<QuestLang>EN</QuestLang>
			<NLS>EN</NLS>
			<LPS>EN</LPS>
		</Language>
		<Language>
			<TLA>ENW</TLA>
			<StrippedTLA>EN</StrippedTLA>
			<ModTLA>EN</ModTLA>
			<QuestLang>EN</QuestLang>
			<NLS>EN</NLS>
			<LPS>EN</LPS>
		</Language>
		<Language>
			<TLA>ETI</TLA>
			<StrippedTLA>ET</StrippedTLA>
			<ModTLA>ET</ModTLA>
			<QuestLang>EN</QuestLang>
			<NLS>EN</NLS>
			<!--<LPS>ET</LPS>-->
			<LPS>EN</LPS>
		</Language>
		<Language>
			<TLA>FOS</TLA>
			<StrippedTLA>FO</StrippedTLA>
			<ModTLA>FO</ModTLA>
			<QuestLang>EN</QuestLang>
			<NLS>EN</NLS>
			<!--<LPS>FO</LPS>-->
			<LPS>EN</LPS>
		</Language>
		<Language>
			<TLA>FAR</TLA>
			<StrippedTLA>FA</StrippedTLA>
			<ModTLA>FA</ModTLA>
			<QuestLang>EN</QuestLang>
			<NLS>EN</NLS>
			<!--<LPS>FA</LPS>-->
			<LPS>EN</LPS>
		</Language>
		<Language>
			<TLA>FIN</TLA>
			<StrippedTLA>FI</StrippedTLA>
			<ModTLA>FI</ModTLA>
			<QuestLang>FI</QuestLang>
			<NLS>FI</NLS>
			<LPS>FI</LPS>
		</Language>
		<Language>
			<TLA>FRB</TLA>
			<StrippedTLA>FR</StrippedTLA>
			<ModTLA>FR</ModTLA>
			<QuestLang>FR</QuestLang>
			<NLS>FR</NLS>
			<LPS>FR</LPS>
		</Language>
		<Language>
			<TLA>FRC</TLA>
			<StrippedTLA>FR</StrippedTLA>
			<ModTLA>FR</ModTLA>
			<QuestLang>FR</QuestLang>
			<NLS>FR</NLS>
			<LPS>FR</LPS>
		</Language>
		<Language>
			<TLA>FRA</TLA>
			<StrippedTLA>FR</StrippedTLA>
			<ModTLA>FR</ModTLA>
			<QuestLang>FR</QuestLang>
			<NLS>FR</NLS>
			<LPS>FR</LPS>
		</Language>
		<Language>
			<TLA>FRL</TLA>
			<StrippedTLA>FR</StrippedTLA>
			<ModTLA>FR</ModTLA>
			<QuestLang>FR</QuestLang>
			<NLS>FR</NLS>
			<LPS>FR</LPS>
		</Language>
		<Language>
			<TLA>FRM</TLA>
			<StrippedTLA>FR</StrippedTLA>
			<ModTLA>FR</ModTLA>
			<QuestLang>FR</QuestLang>
			<NLS>FR</NLS>
			<LPS>FR</LPS>
		</Language>
		<Language>
			<TLA>FRS</TLA>
			<StrippedTLA>FR</StrippedTLA>
			<ModTLA>FR</ModTLA>
			<QuestLang>FR</QuestLang>
			<NLS>FR</NLS>
			<LPS>FR</LPS>
		</Language>
		<Language>
			<TLA>MKI</TLA>
			<StrippedTLA>MK</StrippedTLA>
			<ModTLA>MK</ModTLA>
			<QuestLang>EN</QuestLang>
			<NLS>EN</NLS>
			<!--<LPS>MK</LPS>-->
			<LPS>EN</LPS>
		</Language>
		<Language>
			<TLA>GLC</TLA>
			<StrippedTLA>GL</StrippedTLA>
			<ModTLA>GL</ModTLA>
			<QuestLang>ES</QuestLang>
			<NLS>ES</NLS>
			<!--<LPS>GL</LPS>-->
			<LPS>ES</LPS>
		</Language>
		<Language>
			<TLA>KAT</TLA>
			<StrippedTLA>KA</StrippedTLA>
			<ModTLA>KA</ModTLA>
			<QuestLang>EN</QuestLang>
			<NLS>EN</NLS>
			<!--<LPS>KA</LPS>-->
			<LPS>EN</LPS>
		</Language>
		<Language>
			<TLA>DEA</TLA>
			<StrippedTLA>DE</StrippedTLA>
			<ModTLA>DE</ModTLA>
			<QuestLang>DE</QuestLang>
			<NLS>DE</NLS>
			<LPS>DE</LPS>
		</Language>
		<Language>
			<TLA>DEU</TLA>
			<StrippedTLA>DE</StrippedTLA>
			<ModTLA>DE</ModTLA>
			<QuestLang>DE</QuestLang>
			<NLS>DE</NLS>
			<LPS>DE</LPS>
		</Language>
		<Language>
			<TLA>DEC</TLA>
			<StrippedTLA>DE</StrippedTLA>
			<ModTLA>DE</ModTLA>
			<QuestLang>DE</QuestLang>
			<NLS>DE</NLS>
			<LPS>DE</LPS>
		</Language>
		<Language>
			<TLA>DEL</TLA>
			<StrippedTLA>DE</StrippedTLA>
			<ModTLA>DE</ModTLA>
			<QuestLang>DE</QuestLang>
			<NLS>DE</NLS>
			<LPS>DE</LPS>
		</Language>
		<Language>
			<TLA>DES</TLA>
			<StrippedTLA>DE</StrippedTLA>
			<ModTLA>DE</ModTLA>
			<QuestLang>DE</QuestLang>
			<NLS>DE</NLS>
			<LPS>DE</LPS>
		</Language>
		<Language>
			<TLA>ELL</TLA>
			<StrippedTLA>EL</StrippedTLA>
			<ModTLA>EL</ModTLA>
			<QuestLang>EN</QuestLang>
			<NLS>EN</NLS>
			<LPS>EL</LPS>
		</Language>
		<Language>
			<TLA>GUJ</TLA>
			<StrippedTLA>GU</StrippedTLA>
			<ModTLA>GU</ModTLA>
			<QuestLang>EN</QuestLang>
			<NLS>EN</NLS>
			<!--<LPS>GU</LPS>-->
			<LPS>EN</LPS>
		</Language>
		<Language>
			<TLA>HEB</TLA>
			<StrippedTLA>HE</StrippedTLA>
			<ModTLA>HE</ModTLA>
			<QuestLang>EN</QuestLang>
			<NLS>EN</NLS>
			<LPS>HE</LPS>
		</Language>
		<Language>
			<TLA>HIN</TLA>
			<StrippedTLA>HI</StrippedTLA>
			<ModTLA>HI</ModTLA>
			<QuestLang>EN</QuestLang>
			<NLS>EN</NLS>
			<!--<LPS>HI</LPS>-->
			<LPS>EN</LPS>
		</Language>
		<Language>
			<TLA>HUN</TLA>
			<StrippedTLA>HU</StrippedTLA>
			<ModTLA>HU</ModTLA>
			<QuestLang>EN</QuestLang>
			<NLS>EN</NLS>
			<LPS>HU</LPS>
		</Language>
		<Language>
			<TLA>ISL</TLA>
			<StrippedTLA>IS</StrippedTLA>
			<ModTLA>IS</ModTLA>
			<QuestLang>EN</QuestLang>
			<NLS>EN</NLS>
			<!--<LPS>IS</LPS>-->
			<LPS>EN</LPS>
		</Language>
		<Language>
			<TLA>IND</TLA>
			<StrippedTLA>IN</StrippedTLA>
			<ModTLA>IN</ModTLA>
			<QuestLang>EN</QuestLang>
			<NLS>EN</NLS>
			<!--<LPS>IN</LPS>-->
			<LPS>EN</LPS>
		</Language>
		<Language>
			<TLA>ITA</TLA>
			<StrippedTLA>IT</StrippedTLA>
			<ModTLA>IT</ModTLA>
			<QuestLang>IT</QuestLang>
			<NLS>IT</NLS>
			<LPS>IT</LPS>
		</Language>
		<Language>
			<TLA>ITS</TLA>
			<StrippedTLA>IT</StrippedTLA>
			<ModTLA>IT</ModTLA>
			<QuestLang>IT</QuestLang>
			<NLS>IT</NLS>
			<LPS>IT</LPS>
		</Language>
		<Language>
			<TLA>JPN</TLA>
			<StrippedTLA>JP</StrippedTLA>
			<ModTLA>JP</ModTLA>
			<QuestLang>JP</QuestLang>
			<NLS>JP</NLS>
			<LPS>JP</LPS>
		</Language>
		<Language>
			<TLA>KAN</TLA>
			<StrippedTLA>KA</StrippedTLA>
			<ModTLA>KA</ModTLA>
			<QuestLang>EN</QuestLang>
			<NLS>EN</NLS>
			<!--<LPS>KA</LPS>-->
			<LPS>EN</LPS>
		</Language>
		<Language>
			<TLA>KKZ</TLA>
			<StrippedTLA>KK</StrippedTLA>
			<ModTLA>KK</ModTLA>
			<QuestLang>EN</QuestLang>
			<NLS>EN</NLS>
			<!--<LPS>KK</LPS>-->
			<LPS>EN</LPS>
		</Language>
		<Language>
			<TLA>KNK</TLA>
			<StrippedTLA>KN</StrippedTLA>
			<ModTLA>KN</ModTLA>
			<QuestLang>EN</QuestLang>
			<NLS>EN</NLS>
			<!--<LPS>KN</LPS>-->
			<LPS>EN</LPS>
		</Language>
		<Language>
			<TLA>KOR</TLA>
			<StrippedTLA>KO</StrippedTLA>
			<ModTLA>KO</ModTLA>
			<QuestLang>KO</QuestLang>
			<NLS>KO</NLS>
			<LPS>KO</LPS>
		</Language>
		<Language>
			<TLA>KYR</TLA>
			<StrippedTLA>KY</StrippedTLA>
			<ModTLA>KY</ModTLA>
			<QuestLang>EN</QuestLang>
			<NLS>EN</NLS>
			<!--<LPS>KY</LPS>-->
			<LPS>EN</LPS>
		</Language>
		<Language>
			<TLA>LVI</TLA>
			<StrippedTLA>LV</StrippedTLA>
			<ModTLA>LV</ModTLA>
			<QuestLang>EN</QuestLang>
			<NLS>EN</NLS>
			<!--<LPS>LV</LPS>-->
			<LPS>EN</LPS>
		</Language>
		<Language>
			<TLA>LTH</TLA>
			<StrippedTLA>LT</StrippedTLA>
			<ModTLA>LT</ModTLA>
			<QuestLang>EN</QuestLang>
			<NLS>EN</NLS>
			<!--<LPS>LT</LPS>-->
			<LPS>EN</LPS>
		</Language>
		<Language>
			<TLA>MSB</TLA>
			<StrippedTLA>MS</StrippedTLA>
			<ModTLA>MS</ModTLA>
			<QuestLang>EN</QuestLang>
			<NLS>EN</NLS>
			<!--<LPS>MS</LPS>-->
			<LPS>EN</LPS>
		</Language>
		<Language>
			<TLA>MSL</TLA>
			<StrippedTLA>MS</StrippedTLA>
			<ModTLA>MS</ModTLA>
			<QuestLang>EN</QuestLang>
			<NLS>EN</NLS>
			<!--<LPS>MS</LPS>-->
			<LPS>EN</LPS>
		</Language>
		<Language>
			<TLA>MAR</TLA>
			<StrippedTLA>MA</StrippedTLA>
			<ModTLA>MA</ModTLA>
			<QuestLang>EN</QuestLang>
			<NLS>EN</NLS>
			<!--<LPS>MA</LPS>-->
			<LPS>EN</LPS>
		</Language>
		<Language>
			<TLA>MON</TLA>
			<StrippedTLA>MO</StrippedTLA>
			<ModTLA>MO</ModTLA>
			<QuestLang>EN</QuestLang>
			<NLS>EN</NLS>
			<!--<LPS>MO</LPS>-->
			<LPS>EN</LPS>
		</Language>
		<Language>
			<TLA>NOR</TLA>
			<StrippedTLA>NO</StrippedTLA>
			<ModTLA>NO</ModTLA>
			<QuestLang>NO</QuestLang>
			<NLS>NO</NLS>
			<LPS>NO</LPS>
		</Language>
		<Language>
			<TLA>NON</TLA>
			<StrippedTLA>NO</StrippedTLA>
			<ModTLA>NO</ModTLA>
			<QuestLang>NO</QuestLang>
			<NLS>NO</NLS>
			<LPS>NO</LPS>
		</Language>
		<Language>
			<TLA>PLK</TLA>
			<StrippedTLA>PL</StrippedTLA>
			<ModTLA>PL</ModTLA>
			<QuestLang>EN</QuestLang>
			<NLS>EN</NLS>
			<LPS>PL</LPS>
		</Language>
		<Language>
			<TLA>PTB</TLA>
			<StrippedTLA>PTB</StrippedTLA>
			<ModTLA>PTB</ModTLA>
			<QuestLang>PTB</QuestLang>
			<NLS>PT</NLS>
			<LPS>PTB</LPS>
		</Language>
		<Language>
			<TLA>PTG</TLA>
			<StrippedTLA>PTG</StrippedTLA>
			<ModTLA>PTG</ModTLA>
			<QuestLang>PTG</QuestLang>
			<NLS>PT</NLS>
			<LPS>PTG</LPS>
		</Language>
		<Language>
			<TLA>PAN</TLA>
			<StrippedTLA>PA</StrippedTLA>
			<ModTLA>PA</ModTLA>
			<QuestLang>EN</QuestLang>
			<NLS>EN</NLS>
			<!--<LPS>PA</LPS>-->
			<LPS>EN</LPS>
		</Language>
		<Language>
			<TLA>ROM</TLA>
			<StrippedTLA>RO</StrippedTLA>
			<ModTLA>RO</ModTLA>
			<QuestLang>EN</QuestLang>
			<NLS>EN</NLS>
			<!--<LPS>RO</LPS>-->
			<LPS>EN</LPS>
		</Language>
		<Language>
			<TLA>RUS</TLA>
			<StrippedTLA>RU</StrippedTLA>
			<ModTLA>RU</ModTLA>
			<QuestLang>EN</QuestLang>
			<NLS>RU</NLS>
			<LPS>RU</LPS>
		</Language>
		<Language>
			<TLA>SAN</TLA>
			<StrippedTLA>SA</StrippedTLA>
			<ModTLA>SA</ModTLA>
			<QuestLang>EN</QuestLang>
			<NLS>EN</NLS>
			<!--<LPS>SA</LPS>-->
			<LPS>EN</LPS>
		</Language>
		<Language>
			<TLA>SRB</TLA>
			<StrippedTLA>SR</StrippedTLA>
			<ModTLA>SR</ModTLA>
			<QuestLang>EN</QuestLang>
			<NLS>EN</NLS>
			<!--<LPS>SR</LPS>-->
			<LPS>EN</LPS>
		</Language>
		<Language>
			<TLA>SRL</TLA>
			<StrippedTLA>SR</StrippedTLA>
			<ModTLA>SR</ModTLA>
			<QuestLang>EN</QuestLang>
			<NLS>EN</NLS>
			<!--<LPS>SR</LPS>-->
			<LPS>EN</LPS>
		</Language>
		<Language>
			<TLA>SKY</TLA>
			<StrippedTLA>SK</StrippedTLA>
			<ModTLA>SK</ModTLA>
			<QuestLang>EN</QuestLang>
			<NLS>EN</NLS>
			<!--<LPS>SK</LPS>-->
			<LPS>EN</LPS>
		</Language>
		<Language>
			<TLA>SLV</TLA>
			<StrippedTLA>SL</StrippedTLA>
			<ModTLA>SL</ModTLA>
			<QuestLang>EN</QuestLang>
			<NLS>EN</NLS>
			<!--<LPS>SL</LPS>-->
			<LPS>EN</LPS>
		</Language>
		<Language>
			<TLA>ESS</TLA>
			<StrippedTLA>ES</StrippedTLA>
			<ModTLA>ES</ModTLA>
			<QuestLang>ES</QuestLang>
			<NLS>ES</NLS>
			<LPS>ES</LPS>
		</Language>
		<Language>
			<TLA>ESB</TLA>
			<StrippedTLA>ES</StrippedTLA>
			<ModTLA>ES</ModTLA>
			<QuestLang>ES</QuestLang>
			<NLS>ES</NLS>
			<LPS>ES</LPS>
		</Language>
		<Language>
			<TLA>ESL</TLA>
			<StrippedTLA>ES</StrippedTLA>
			<ModTLA>ES</ModTLA>
			<QuestLang>ES</QuestLang>
			<NLS>ES</NLS>
			<LPS>ES</LPS>
		</Language>
		<Language>
			<TLA>ESO</TLA>
			<StrippedTLA>ES</StrippedTLA>
			<ModTLA>ES</ModTLA>
			<QuestLang>ES</QuestLang>
			<NLS>ES</NLS>
			<LPS>ES</LPS>
		</Language>
		<Language>
			<TLA>ESC</TLA>
			<StrippedTLA>ES</StrippedTLA>
			<ModTLA>ES</ModTLA>
			<QuestLang>ES</QuestLang>
			<NLS>ES</NLS>
			<LPS>ES</LPS>
		</Language>
		<Language>
			<TLA>ESD</TLA>
			<StrippedTLA>ES</StrippedTLA>
			<ModTLA>ES</ModTLA>
			<QuestLang>ES</QuestLang>
			<NLS>ES</NLS>
			<LPS>ES</LPS>
		</Language>
		<Language>
			<TLA>ESF</TLA>
			<StrippedTLA>ES</StrippedTLA>
			<ModTLA>ES</ModTLA>
			<QuestLang>ES</QuestLang>
			<NLS>ES</NLS>
			<LPS>ES</LPS>
		</Language>
		<Language>
			<TLA>ESE</TLA>
			<StrippedTLA>ES</StrippedTLA>
			<ModTLA>ES</ModTLA>
			<QuestLang>ES</QuestLang>
			<NLS>ES</NLS>
			<LPS>ES</LPS>
		</Language>
		<Language>
			<TLA>ESG</TLA>
			<StrippedTLA>ES</StrippedTLA>
			<ModTLA>ES</ModTLA>
			<QuestLang>ES</QuestLang>
			<NLS>ES</NLS>
			<LPS>ES</LPS>
		</Language>
		<Language>
			<TLA>ESH</TLA>
			<StrippedTLA>ES</StrippedTLA>
			<ModTLA>ES</ModTLA>
			<QuestLang>ES</QuestLang>
			<NLS>ES</NLS>
			<LPS>ES</LPS>
		</Language>
		<Language>
			<TLA>ESM</TLA>
			<StrippedTLA>ES</StrippedTLA>
			<ModTLA>ES</ModTLA>
			<QuestLang>ES</QuestLang>
			<NLS>ES</NLS>
			<LPS>ES</LPS>
		</Language>
		<Language>
			<TLA>ESI</TLA>
			<StrippedTLA>ES</StrippedTLA>
			<ModTLA>ES</ModTLA>
			<QuestLang>ES</QuestLang>
			<NLS>ES</NLS>
			<LPS>ES</LPS>
		</Language>
		<Language>
			<TLA>ESA</TLA>
			<StrippedTLA>ES</StrippedTLA>
			<ModTLA>ES</ModTLA>
			<QuestLang>ES</QuestLang>
			<NLS>ES</NLS>
			<LPS>ES</LPS>
		</Language>
		<Language>
			<TLA>ESZ</TLA>
			<StrippedTLA>ES</StrippedTLA>
			<ModTLA>ES</ModTLA>
			<QuestLang>ES</QuestLang>
			<NLS>ES</NLS>
			<LPS>ES</LPS>
		</Language>
		<Language>
			<TLA>ESR</TLA>
			<StrippedTLA>ES</StrippedTLA>
			<ModTLA>ES</ModTLA>
			<QuestLang>ES</QuestLang>
			<NLS>ES</NLS>
			<LPS>ES</LPS>
		</Language>
		<Language>
			<TLA>ESU</TLA>
			<StrippedTLA>ES</StrippedTLA>
			<ModTLA>ES</ModTLA>
			<QuestLang>ES</QuestLang>
			<NLS>ES</NLS>
			<LPS>ES</LPS>
		</Language>
		<Language>
			<TLA>ESN</TLA>
			<StrippedTLA>ES</StrippedTLA>
			<ModTLA>ES</ModTLA>
			<QuestLang>ES</QuestLang>
			<NLS>ES</NLS>
			<LPS>ES</LPS>
		</Language>
		<Language>
			<TLA>ESP</TLA>
			<StrippedTLA>ES</StrippedTLA>
			<ModTLA>ES</ModTLA>
			<QuestLang>ES</QuestLang>
			<NLS>ES</NLS>
			<LPS>ES</LPS>
		</Language>
		<Language>
			<TLA>ESY</TLA>
			<StrippedTLA>ES</StrippedTLA>
			<ModTLA>ES</ModTLA>
			<QuestLang>ES</QuestLang>
			<NLS>ES</NLS>
			<LPS>ES</LPS>
		</Language>
		<Language>
			<TLA>ESV</TLA>
			<StrippedTLA>ES</StrippedTLA>
			<ModTLA>ES</ModTLA>
			<QuestLang>ES</QuestLang>
			<NLS>ES</NLS>
			<LPS>ES</LPS>
		</Language>
		<Language>
			<TLA>SWK</TLA>
			<StrippedTLA>SW</StrippedTLA>
			<ModTLA>SW</ModTLA>
			<QuestLang>EN</QuestLang>
			<NLS>EN</NLS>
			<!--<LPS>SW</LPS>-->
			<LPS>EN</LPS>
		</Language>
		<Language>
			<TLA>SVF</TLA>
			<StrippedTLA>SV</StrippedTLA>
			<ModTLA>SV</ModTLA>
			<QuestLang>SV</QuestLang>
			<NLS>SV</NLS>
			<LPS>SV</LPS>
		</Language>
		<Language>
			<TLA>SVE</TLA>
			<StrippedTLA>SV</StrippedTLA>
			<ModTLA>SV</ModTLA>
			<QuestLang>SV</QuestLang>
			<NLS>SV</NLS>
			<LPS>SV</LPS>
		</Language>
		<Language>
			<TLA>SYR</TLA>
			<StrippedTLA>SY</StrippedTLA>
			<ModTLA>SY</ModTLA>
			<QuestLang>EN</QuestLang>
			<NLS>EN</NLS>
			<!--<LPS>SY</LPS>-->
			<LPS>EN</LPS>
		</Language>
		<Language>
			<TLA>TAM</TLA>
			<StrippedTLA>TA</StrippedTLA>
			<ModTLA>TA</ModTLA>
			<QuestLang>EN</QuestLang>
			<NLS>EN</NLS>
			<!--<LPS>TA</LPS>-->
			<LPS>EN</LPS>
		</Language>
		<Language>
			<TLA>TTT</TLA>
			<StrippedTLA>TT</StrippedTLA>
			<ModTLA>TT</ModTLA>
			<QuestLang>EN</QuestLang>
			<NLS>EN</NLS>
			<!--<LPS>TT</LPS>-->
			<LPS>EN</LPS>
		</Language>
		<Language>
			<TLA>TEL</TLA>
			<StrippedTLA>TE</StrippedTLA>
			<ModTLA>TE</ModTLA>
			<QuestLang>EN</QuestLang>
			<NLS>EN</NLS>
			<!--<LPS>TE</LPS>-->
			<LPS>EN</LPS>
		</Language>
		<Language>
			<TLA>THA</TLA>
			<StrippedTLA>TH</StrippedTLA>
			<ModTLA>TH</ModTLA>
			<QuestLang>EN</QuestLang>
			<NLS>EN</NLS>
			<!--<LPS>TH</LPS>-->
			<LPS>EN</LPS>
		</Language>
		<Language>
			<TLA>TRK</TLA>
			<StrippedTLA>TR</StrippedTLA>
			<ModTLA>TR</ModTLA>
			<QuestLang>EN</QuestLang>
			<NLS>EN</NLS>
			<LPS>TR</LPS>
		</Language>
		<Language>
			<TLA>UKR</TLA>
			<StrippedTLA>UK</StrippedTLA>
			<ModTLA>UK</ModTLA>
			<QuestLang>EN</QuestLang>
			<NLS>EN</NLS>
			<!--<LPS>UK</LPS>-->
			<LPS>EN</LPS>
		</Language>
		<Language>
			<TLA>URD</TLA>
			<StrippedTLA>UR</StrippedTLA>
			<ModTLA>UR</ModTLA>
			<QuestLang>EN</QuestLang>
			<NLS>EN</NLS>
			<!--<LPS>UR</LPS>-->
			<LPS>EN</LPS>
		</Language>
		<Language>
			<TLA>UZB</TLA>
			<StrippedTLA>UZ</StrippedTLA>
			<ModTLA>UZ</ModTLA>
			<QuestLang>EN</QuestLang>
			<NLS>EN</NLS>
			<!--<LPS>UZ</LPS>-->
			<LPS>EN</LPS>
		</Language>
		<Language>
			<TLA>UZB</TLA>
			<StrippedTLA>UZ</StrippedTLA>
			<ModTLA>UZ</ModTLA>
			<QuestLang>EN</QuestLang>
			<NLS>EN</NLS>
			<!--<LPS>UZ</LPS>-->
			<LPS>EN</LPS>
		</Language>
		<Language>
			<TLA>VIT</TLA>
			<StrippedTLA>VI</StrippedTLA>
			<ModTLA>VI</ModTLA>
			<QuestLang>EN</QuestLang>
			<NLS>EN</NLS>
			<!--<LPS>VI</LPS>-->
			<LPS>EN</LPS>
		</Language>
		<!-- add some new language nodes to compatible with vista-->
		<Language>
			<TLA>GSW</TLA>
			<StrippedTLA>GS</StrippedTLA>
			<ModTLA>GS</ModTLA>
			<QuestLang>GS</QuestLang>
			<NLS>FR</NLS>
			<LPS>GS</LPS>
		</Language>
		<Language>
			<TLA>AMH</TLA>
			<StrippedTLA>AM</StrippedTLA>
			<ModTLA>AM</ModTLA>
			<QuestLang>AM</QuestLang>
			<NLS>EN</NLS>
			<LPS>AM</LPS>
		</Language>
		<Language>
			<TLA>ASM</TLA>
			<StrippedTLA>AS</StrippedTLA>
			<ModTLA>AS</ModTLA>
			<QuestLang>AS</QuestLang>
			<NLS>EN</NLS>
			<LPS>AS</LPS>
		</Language>
		<Language>
			<TLA>BAS</TLA>
			<StrippedTLA>BA</StrippedTLA>
			<ModTLA>BA</ModTLA>
			<QuestLang>BA</QuestLang>
			<NLS>EN</NLS>
			<LPS>BA</LPS>
		</Language>
		<Language>
			<TLA>BNB</TLA>
			<StrippedTLA>BN</StrippedTLA>
			<ModTLA>BN</ModTLA>
			<QuestLang>BN</QuestLang>
			<NLS>EN</NLS>
			<LPS>BN</LPS>
		</Language>
		<Language>
			<TLA>BNG</TLA>
			<StrippedTLA>BN</StrippedTLA>
			<ModTLA>BN</ModTLA>
			<QuestLang>BN</QuestLang>
			<NLS>EN</NLS>
			<LPS>BN</LPS>
		</Language>
		<Language>
			<TLA>BSC</TLA>
			<StrippedTLA>BS</StrippedTLA>
			<ModTLA>BS</ModTLA>
			<QuestLang>BS</QuestLang>
			<NLS>EN</NLS>
			<LPS>BS</LPS>
		</Language>
		<Language>
			<TLA>BSB</TLA>
			<StrippedTLA>BS</StrippedTLA>
			<ModTLA>BS</ModTLA>
			<QuestLang>BS</QuestLang>
			<NLS>EN</NLS>
			<LPS>BS</LPS>
		</Language>
		<Language>
			<TLA>BRE</TLA>
			<StrippedTLA>BR</StrippedTLA>
			<ModTLA>BR</ModTLA>
			<QuestLang>BR</QuestLang>
			<NLS>FR</NLS>
			<LPS>BR</LPS>
		</Language>
		<Language>
			<TLA>COS</TLA>
			<StrippedTLA>CO</StrippedTLA>
			<ModTLA>CO</ModTLA>
			<QuestLang>CO</QuestLang>
			<NLS>FR</NLS>
			<LPS>CO</LPS>
		</Language>
		<Language>
			<TLA>HRB</TLA>
			<StrippedTLA>HR</StrippedTLA>
			<ModTLA>HR</ModTLA>
			<QuestLang>HR</QuestLang>
			<NLS>EN</NLS>
			<LPS>HR</LPS>
		</Language>
		<Language>
			<TLA>PRS</TLA>
			<StrippedTLA>PR</StrippedTLA>
			<ModTLA>PR</ModTLA>
			<QuestLang>PR</QuestLang>
			<NLS>EN</NLS>
			<LPS>PR</LPS>
		</Language>
		<Language>
			<TLA>ENN</TLA>
			<StrippedTLA>EN</StrippedTLA>
			<ModTLA>EN</ModTLA>
			<QuestLang>EN</QuestLang>
			<NLS>EN</NLS>
			<LPS>EN</LPS>
		</Language>
		<Language>
			<TLA>ENM</TLA>
			<StrippedTLA>EN</StrippedTLA>
			<ModTLA>EN</ModTLA>
			<QuestLang>EN</QuestLang>
			<NLS>EN</NLS>
			<LPS>EN</LPS>
		</Language>
		<Language>
			<TLA>ENE</TLA>
			<StrippedTLA>EN</StrippedTLA>
			<ModTLA>EN</ModTLA>
			<QuestLang>EN</QuestLang>
			<NLS>EN</NLS>
			<LPS>EN</LPS>
		</Language>
		<Language>
			<TLA>FPO</TLA>
			<StrippedTLA>FP</StrippedTLA>
			<ModTLA>FP</ModTLA>
			<QuestLang>FP</QuestLang>
			<NLS>EN</NLS>
			<LPS>FP</LPS>
		</Language>
		<Language>
			<TLA>FYN</TLA>
			<StrippedTLA>FY</StrippedTLA>
			<ModTLA>FY</ModTLA>
			<QuestLang>FY</QuestLang>
			<NLS>NL</NLS>
			<LPS>FY</LPS>
		</Language>
		<Language>
			<TLA>KAL</TLA>
			<StrippedTLA>KA</StrippedTLA>
			<ModTLA>KA</ModTLA>
			<QuestLang>KA</QuestLang>
			<NLS>EN</NLS>
			<LPS>KA</LPS>
		</Language>
		<Language>
			<TLA>HAU</TLA>
			<StrippedTLA>HA</StrippedTLA>
			<ModTLA>HA</ModTLA>
			<QuestLang>HA</QuestLang>
			<NLS>EN</NLS>
			<LPS>HA</LPS>
		</Language>
		<Language>
			<TLA>IBO</TLA>
			<StrippedTLA>IB</StrippedTLA>
			<ModTLA>IB</ModTLA>
			<QuestLang>IB</QuestLang>
			<NLS>EN</NLS>
			<LPS>IB</LPS>
		</Language>
		<Language>
			<TLA>IUK</TLA>
			<StrippedTLA>IU</StrippedTLA>
			<ModTLA>IU</ModTLA>
			<QuestLang>IU</QuestLang>
			<NLS>EN</NLS>
			<LPS>IU</LPS>
		</Language>
		<Language>
			<TLA>IUS</TLA>
			<StrippedTLA>IU</StrippedTLA>
			<ModTLA>IU</ModTLA>
			<QuestLang>IU</QuestLang>
			<NLS>EN</NLS>
			<LPS>IU</LPS>
		</Language>
		<Language>
			<TLA>IVL</TLA>
			<StrippedTLA>IV</StrippedTLA>
			<ModTLA>IV</ModTLA>
			<QuestLang>IV</QuestLang>
			<NLS>EN</NLS>
			<LPS>IV</LPS>
		</Language>
		<Language>
			<TLA>IRE</TLA>
			<StrippedTLA>IR</StrippedTLA>
			<ModTLA>IR</ModTLA>
			<QuestLang>IR</QuestLang>
			<NLS>EN</NLS>
			<LPS>IR</LPS>
		</Language>
		<Language>
			<TLA>XHO</TLA>
			<StrippedTLA>XH</StrippedTLA>
			<ModTLA>XH</ModTLA>
			<QuestLang>XH</QuestLang>
			<NLS>EN</NLS>
			<LPS>XH</LPS>
		</Language>
		<Language>
			<TLA>ZUL</TLA>
			<StrippedTLA>ZU</StrippedTLA>
			<ModTLA>ZU</ModTLA>
			<QuestLang>ZU</QuestLang>
			<NLS>EN</NLS>
			<LPS>ZU</LPS>
		</Language>
		<Language>
			<TLA>KDI</TLA>
			<StrippedTLA>KD</StrippedTLA>
			<ModTLA>KD</ModTLA>
			<QuestLang>KD</QuestLang>
			<NLS>EN</NLS>
			<LPS>KD</LPS>
		</Language>
		<Language>
			<TLA>KDI</TLA>
			<StrippedTLA>KD</StrippedTLA>
			<ModTLA>KD</ModTLA>
			<QuestLang>KD</QuestLang>
			<NLS>EN</NLS>
			<LPS>KD</LPS>
		</Language>
		<Language>
			<TLA>KHM</TLA>
			<StrippedTLA>KH</StrippedTLA>
			<ModTLA>KH</ModTLA>
			<QuestLang>KH</QuestLang>
			<NLS>EN</NLS>
			<LPS>KH</LPS>
		</Language>
		<Language>
			<TLA>QUT</TLA>
			<StrippedTLA>QU</StrippedTLA>
			<ModTLA>QU</ModTLA>
			<QuestLang>QU</QuestLang>
			<NLS>EN</NLS>
			<LPS>QU</LPS>
		</Language>
		<Language>
			<TLA>KIN</TLA>
			<StrippedTLA>KI</StrippedTLA>
			<ModTLA>KI</ModTLA>
			<QuestLang>KI</QuestLang>
			<NLS>EN</NLS>
			<LPS>KI</LPS>
		</Language>
		<Language>
			<TLA>LAO</TLA>
			<StrippedTLA>LA</StrippedTLA>
			<ModTLA>LA</ModTLA>
			<QuestLang>LA</QuestLang>
			<NLS>EN</NLS>
			<LPS>LA</LPS>
		</Language>
		<Language>
			<TLA>DSB</TLA>
			<StrippedTLA>DS</StrippedTLA>
			<ModTLA>DS</ModTLA>
			<QuestLang>DS</QuestLang>
			<NLS>EN</NLS>
			<LPS>DS</LPS>
		</Language>
		<Language>
			<TLA>LBX</TLA>
			<StrippedTLA>LB</StrippedTLA>
			<ModTLA>LB</ModTLA>
			<QuestLang>LB</QuestLang>
			<NLS>EN</NLS>
			<LPS>LB</LPS>
		</Language>
		<Language>
			<TLA>MYM</TLA>
			<StrippedTLA>MY</StrippedTLA>
			<ModTLA>MY</ModTLA>
			<QuestLang>MY</QuestLang>
			<NLS>EN</NLS>
			<LPS>MY</LPS>
		</Language>
		<Language>
			<TLA>MLT</TLA>
			<StrippedTLA>ML</StrippedTLA>
			<ModTLA>ML</ModTLA>
			<QuestLang>ML</QuestLang>
			<NLS>EN</NLS>
			<LPS>ML</LPS>
		</Language>
		<Language>
			<TLA>MRI</TLA>
			<StrippedTLA>MR</StrippedTLA>
			<ModTLA>MR</ModTLA>
			<QuestLang>MR</QuestLang>
			<NLS>EN</NLS>
			<LPS>MR</LPS>
		</Language>
		<Language>
			<TLA>MPD</TLA>
			<StrippedTLA>MP</StrippedTLA>
			<ModTLA>MP</ModTLA>
			<QuestLang>MP</QuestLang>
			<NLS>EN</NLS>
			<LPS>MP</LPS>
		</Language>
		<Language>
			<TLA>MWK</TLA>
			<StrippedTLA>MW</StrippedTLA>
			<ModTLA>MW</ModTLA>
			<QuestLang>MW</QuestLang>
			<NLS>EN</NLS>
			<LPS>MW</LPS>
		</Language>
		<Language>
			<TLA>MNG</TLA>
			<StrippedTLA>MN</StrippedTLA>
			<ModTLA>MN</ModTLA>
			<QuestLang>MN</QuestLang>
			<NLS>EN</NLS>
			<LPS>MN</LPS>
		</Language>
		<Language>
			<TLA>NEP</TLA>
			<StrippedTLA>NE</StrippedTLA>
			<ModTLA>NE</ModTLA>
			<QuestLang>NE</QuestLang>
			<NLS>EN</NLS>
			<LPS>NE</LPS>
		</Language>
		<Language>
			<TLA>OCI</TLA>
			<StrippedTLA>OC</StrippedTLA>
			<ModTLA>OC</ModTLA>
			<QuestLang>OC</QuestLang>
			<NLS>FR</NLS>
			<LPS>OC</LPS>
		</Language>
		<Language>
			<TLA>ORI</TLA>
			<StrippedTLA>OR</StrippedTLA>
			<ModTLA>OR</ModTLA>
			<QuestLang>OR</QuestLang>
			<NLS>EN</NLS>
			<LPS>OR</LPS>
		</Language>
		<Language>
			<TLA>PAS</TLA>
			<StrippedTLA>PA</StrippedTLA>
			<ModTLA>PA</ModTLA>
			<QuestLang>PA</QuestLang>
			<NLS>EN</NLS>
			<LPS>PA</LPS>
		</Language>
		<Language>
			<TLA>QUB</TLA>
			<StrippedTLA>QU</StrippedTLA>
			<ModTLA>QU</ModTLA>
			<QuestLang>QU</QuestLang>
			<NLS>EN</NLS>
			<LPS>QU</LPS>
		</Language>
		<Language>
			<TLA>QUE</TLA>
			<StrippedTLA>QU</StrippedTLA>
			<ModTLA>QU</ModTLA>
			<QuestLang>QU</QuestLang>
			<NLS>EN</NLS>
			<LPS>QU</LPS>
		</Language>
		<Language>
			<TLA>QUP</TLA>
			<StrippedTLA>QU</StrippedTLA>
			<ModTLA>QU</ModTLA>
			<QuestLang>QU</QuestLang>
			<NLS>EN</NLS>
			<LPS>QU</LPS>
		</Language>
		<Language>
			<TLA>RMC</TLA>
			<StrippedTLA>RM</StrippedTLA>
			<ModTLA>RM</ModTLA>
			<QuestLang>RM</QuestLang>
			<NLS>EN</NLS>
			<LPS>RM</LPS>
		</Language>
		<Language>
			<TLA>SMN</TLA>
			<StrippedTLA>SM</StrippedTLA>
			<ModTLA>SM</ModTLA>
			<QuestLang>SM</QuestLang>
			<NLS>FI</NLS>
			<LPS>SM</LPS>
		</Language>
		<Language>
			<TLA>SMJ</TLA>
			<StrippedTLA>SM</StrippedTLA>
			<ModTLA>SM</ModTLA>
			<QuestLang>SM</QuestLang>
			<NLS>NO</NLS>
			<LPS>SM</LPS>
		</Language>
		<Language>
			<TLA>SMK</TLA>
			<StrippedTLA>SM</StrippedTLA>
			<ModTLA>SM</ModTLA>
			<QuestLang>SM</QuestLang>
			<NLS>SV</NLS>
			<LPS>SM</LPS>
		</Language>
		<Language>
			<TLA>SMG</TLA>
			<StrippedTLA>SM</StrippedTLA>
			<ModTLA>SM</ModTLA>
			<QuestLang>SM</QuestLang>
			<NLS>FI</NLS>
			<LPS>SM</LPS>
		</Language>
		<Language>
			<TLA>SME</TLA>
			<StrippedTLA>SM</StrippedTLA>
			<ModTLA>SM</ModTLA>
			<QuestLang>SM</QuestLang>
			<NLS>NO</NLS>
			<LPS>SM</LPS>
		</Language>
		<Language>
			<TLA>SMF</TLA>
			<StrippedTLA>SM</StrippedTLA>
			<ModTLA>SM</ModTLA>
			<QuestLang>SM</QuestLang>
			<NLS>SV</NLS>
			<LPS>SM</LPS>
		</Language>
		<Language>
			<TLA>SMS</TLA>
			<StrippedTLA>SM</StrippedTLA>
			<ModTLA>SM</ModTLA>
			<QuestLang>SM</QuestLang>
			<NLS>FI</NLS>
			<LPS>SM</LPS>
		</Language>
		<Language>
			<TLA>SMA</TLA>
			<StrippedTLA>SM</StrippedTLA>
			<ModTLA>SM</ModTLA>
			<QuestLang>SM</QuestLang>
			<NLS>NO</NLS>
			<LPS>SM</LPS>
		</Language>
		<Language>
			<TLA>SMB</TLA>
			<StrippedTLA>SM</StrippedTLA>
			<ModTLA>SM</ModTLA>
			<QuestLang>SM</QuestLang>
			<NLS>SV</NLS>
			<LPS>SM</LPS>
		</Language>
		<Language>
			<TLA>SRN</TLA>
			<StrippedTLA>SR</StrippedTLA>
			<ModTLA>SR</ModTLA>
			<QuestLang>SR</QuestLang>
			<NLS>EN</NLS>
			<LPS>SR</LPS>
		</Language>
		<Language>
			<TLA>SRS</TLA>
			<StrippedTLA>SR</StrippedTLA>
			<ModTLA>SR</ModTLA>
			<QuestLang>SR</QuestLang>
			<NLS>EN</NLS>
			<LPS>SR</LPS>
		</Language>
		<Language>
			<TLA>NSO</TLA>
			<StrippedTLA>NS</StrippedTLA>
			<ModTLA>NS</ModTLA>
			<QuestLang>NS</QuestLang>
			<NLS>EN</NLS>
			<LPS>NS</LPS>
		</Language>
		<Language>
			<TLA>TSN</TLA>
			<StrippedTLA>TS</StrippedTLA>
			<ModTLA>TS</ModTLA>
			<QuestLang>TS</QuestLang>
			<NLS>EN</NLS>
			<LPS>TS</LPS>
		</Language>
		<Language>
			<TLA>SIN</TLA>
			<StrippedTLA>SI</StrippedTLA>
			<ModTLA>SI</ModTLA>
			<QuestLang>SI</QuestLang>
			<NLS>EN</NLS>
			<LPS>SI</LPS>
		</Language>
		<Language>
			<TLA>EST</TLA>
			<StrippedTLA>ES</StrippedTLA>
			<ModTLA>ES</ModTLA>
			<QuestLang>ES</QuestLang>
			<NLS>EN</NLS>
			<LPS>ES</LPS>
		</Language>
		<Language>
			<TLA>TAJ</TLA>
			<StrippedTLA>TA</StrippedTLA>
			<ModTLA>TA</ModTLA>
			<QuestLang>TA</QuestLang>
			<NLS>EN</NLS>
			<LPS>TA</LPS>
		</Language>
		<Language>
			<TLA>TZM</TLA>
			<StrippedTLA>TZ</StrippedTLA>
			<ModTLA>TZ</ModTLA>
			<QuestLang>TZ</QuestLang>
			<NLS>EN</NLS>
			<LPS>TZ</LPS>
		</Language>
		<Language>
			<TLA>BOB</TLA>
			<StrippedTLA>BO</StrippedTLA>
			<ModTLA>BO</ModTLA>
			<QuestLang>BO</QuestLang>
			<NLS>CHS</NLS>
			<LPS>BO</LPS>
		</Language>
		<Language>
			<TLA>TUK</TLA>
			<StrippedTLA>TU</StrippedTLA>
			<ModTLA>TU</ModTLA>
			<QuestLang>TU</QuestLang>
			<NLS>EN</NLS>
			<LPS>TU</LPS>
		</Language>
		<Language>
			<TLA>UIG</TLA>
			<StrippedTLA>UI</StrippedTLA>
			<ModTLA>UI</ModTLA>
			<QuestLang>UI</QuestLang>
			<NLS>CHS</NLS>
			<LPS>UI</LPS>
		</Language>
		<Language>
			<TLA>HSB</TLA>
			<StrippedTLA>HS</StrippedTLA>
			<ModTLA>HS</ModTLA>
			<QuestLang>HS</QuestLang>
			<NLS>DE</NLS>
			<LPS>HS</LPS>
		</Language>
		<Language>
			<TLA>CYM</TLA>
			<StrippedTLA>CY</StrippedTLA>
			<ModTLA>CY</ModTLA>
			<QuestLang>CY</QuestLang>
			<NLS>EN</NLS>
			<LPS>CY</LPS>
		</Language>
		<Language>
			<TLA>WOL</TLA>
			<StrippedTLA>WO</StrippedTLA>
			<ModTLA>WO</ModTLA>
			<QuestLang>WO</QuestLang>
			<NLS>EN</NLS>
			<LPS>WO</LPS>
		</Language>
		<Language>
			<TLA>SAH</TLA>
			<StrippedTLA>SA</StrippedTLA>
			<ModTLA>SA</ModTLA>
			<QuestLang>SA</QuestLang>
			<NLS>EN</NLS>
			<LPS>SA</LPS>
		</Language>
		<Language>
			<TLA>III</TLA>
			<StrippedTLA>II</StrippedTLA>
			<ModTLA>II</ModTLA>
			<QuestLang>II</QuestLang>
			<NLS>CHS</NLS>
			<LPS>II</LPS>
		</Language>
		<Language>
			<TLA>YOR</TLA>
			<StrippedTLA>YO</StrippedTLA>
			<ModTLA>YO</ModTLA>
			<QuestLang>YO</QuestLang>
			<NLS>EN</NLS>
			<LPS>YO</LPS>
		</Language>
	</Languages>
</MappingInterface>